frontal_asymmetry,mean_eeg_tp10_post,mean_eeg_tp9_post,lf_hf_baseline,mean_eeg_af8_post,mean_eeg_af7_post,participant_id,label
0.013616595884013805,0.08261861858518386,0.05361842095680913,-0.007298972121316183,0.021014095563941737,0.033213014310604194,P001,1
-0.07877901698720961,0.02556721074079178,-0.04080009266126581,-0.014831836922712682,-0.0060269642693583595,-0.03163464342937914,P001,0
-0.05894607595773778,0.013115170226046757,-0.02732503228562564,-0.018255099361886094,-0.0038981581833013477,-0.03715580943066925,P001,0
-0.012664865106944489,0.005108654886316799,-0.015195449699058372,-0.03255626379514069,0.0038808827270258917,0.05172959400706532,P001,0
-0.0041041884691367155,-0.0119636906944379,0.03331416010873909,-0.03454155597364661,-0.018069473409605054,0.04248815309401834,P001,0
0.04012148176589107,-0.05664870732707641,-0.04001708535524813,-0.016751804858449758,0.006801497051901606,-0.0754111471588658,P001,0
0.0326553601004889,-0.011737351936062623,0.005749699460147894,-0.022604155927547255,-0.014884044211066793,-0.0806103179733327,P001,0
0.15774175162987375,0.10954839414098387,-0.01756984121429923,-0.013194734300668642,0.015701598266196014,0.09400263506045121,P001,1
-0.00448986289138702,-0.06630717375046516,-0.03502033393351667,-0.031178510704012296,-0.004582873366325657,-0.06305684028211545,P001,0
0.00569283118511521,0.06977431230388902,-0.005471814184147661,-0.020759540927247144,0.010265645315530491,0.0839099345314935,P001,1
0.07250093308339274,-0.0007724379116552882,-0.038233534799610426,-0.022434225202232483,-0.003473126173412311,-0.028249723338421972,P001,0
-0.048038818819077275,-0.03748497956185019,-0.01538682588593474,-0.01899116133481584,-0.0070270492411509625,-0.06853590916789472,P001,0
-0.01460998278016632,-0.008524075682362308,0.05813268902443269,-0.026114704166866433,-0.013580788638410012,-0.10367959070554207,P001,0
-0.017661819076420216,-0.038028071209555495,-0.019471993789147747,-0.021467256588766758,-0.009689881860504101,-0.06408430973751819,P001,0
0.04573139735284713,0.01036663387549197,0.07962738140172405,-0.02423664078933143,0.03153093239952796,0.05065376202455809,P001,1
-0.08236463578905387,-0.042173435512086146,0.0222858087545319,-0.02730180322560045,-0.04705877812175459,0.03829979251586337,P001,0
-0.06398735635630146,-0.02250022258122044,-0.03406780376953975,-0.016599866098476922,-0.007733712260323955,-0.0600692378572603,P001,0
-0.06995392532553524,0.016830568324076013,-0.022292804826611244,-0.021697664390012507,-0.003319615081909433,-0.07094258733550304,P001,0
-0.013290114979645296,-0.01763281955609273,-0.027576676282569677,-0.03514723932594279,-0.004270705048247692,0.050890786006402774,P001,0
-0.05847617334629831,-0.012706048965719674,-0.04764035479201993,-0.018004042523898534,-0.04462732195465833,0.0034650178191441227,P001,0
0.07126807000904592,-0.013221981981359932,-0.047720440166449406,-0.015647671397482556,-0.01666368734536263,-0.0009444182449897198,P001,0
-0.0032768953190497998,-0.007204829134389001,-0.061227274413795385,-0.013488141206471483,-0.012580216165497404,-0.011062089819643007,P001,0
0.02263711588439037,0.05341049321577884,0.05490548322864015,-0.024535709580050025,0.018222154608065467,0.06914828068261158,P001,1
0.1121474332751859,0.07330933789871778,0.05165068863266242,-0.014466212475599604,0.03366728489909292,0.00014358311523210432,P001,1
0.0004169906549577718,-0.04025101823517616,-0.07190474570543301,0.01972064998544738,-0.0006467453355071484,-0.017183190185642162,P003,0
0.025105533823261795,0.005789079731948732,0.050066718376820064,0.06073476897945511,0.02474579822983287,0.0723275802455646,P003,1
-0.015341759788680066,-0.04163162544282386,-0.050038616357278444,0.04016258639494481,-0.016063635923137552,0.02863343996068579,P003,0
-0.027147843637430925,-0.03595055893874814,-0.03331048651984929,0.026492729860638064,-0.014497490489111442,-0.11401110356491699,P003,0
-0.009998242629171728,-0.0013871386167011225,-0.06310159991026013,0.03419125973805422,-0.020354602112956855,-0.05456328936011232,P003,0
0.005887977743986994,-0.014750488371237224,-0.03933902218886942,0.04799388696128517,0.012165277146323206,0.018826853606333314,P003,0
-0.030740748348034686,-0.013988064411205415,0.04289423381369488,0.04358537836596952,-0.03095978566275335,0.047560183753103044,P003,0
0.07553329914553615,0.06332842262527265,0.06418278014962198,0.05490655517214691,0.02297655878332989,0.07615069737221347,P003,1
-0.06224441434433174,-0.02519023606191695,-0.0439384817543214,0.020694709103736386,-0.046289359196907756,0.013324361977538501,P003,0
-0.01883496218442815,0.030627573207311798,0.05439415201708471,0.05318251822500315,0.022155485182565826,0.05579940666311813,P003,1
-0.0005938033636994078,-0.0032242012706774404,-0.09136709376552972,0.039728126999489174,0.017717467026250232,0.016255008270582037,P003,0
0.052345155235616406,0.05431977079333592,0.03670171591311373,0.038987842768256085,0.03260785862398734,-0.002684804930458995,P003,1
0.004371854301825806,-0.046003701560948684,0.028251062074014045,0.045512823868102716,-0.010531551962958473,-0.06312093144888423,P003,0
0.003135973533062497,-0.021771870526754354,-0.0767382920907039,0.026345521357416146,0.01387477994812798,0.010639567455928044,P003,0
0.03869423191772512,0.035614683367020915,-0.011366823634034517,0.05970876014134774,0.013843339279628709,0.05516964140879281,P003,1
0.02148266773256182,0.056731219898392735,0.025370999753158686,0.07003568602440283,0.014148494888422647,0.09545053892597935,P003,1
0.018743327497486462,0.03496967938258422,0.01199236571237634,0.0657872687454983,0.026859072304159782,0.07972824778153154,P003,1
0.009579188079260347,0.005506010150111251,-0.015994666112192135,0.06377698501773921,0.01855510574841901,0.07003678730470711,P003,1
0.04586574108689092,0.04758398169160501,0.009965683948939841,0.04935729088892913,0.02383580333712416,0.05143026586174528,P003,1
-0.03251867992712505,0.023738672240688173,0.007903047700892785,0.013123123163859418,-0.014612907602031554,-0.07802147919073832,P003,0
-0.035492743472150326,-0.05033752142308003,-0.040645097898641326,0.03194224226026563,-0.008721659875391197,-0.05583625111312358,P003,0
0.04021444375603096,0.0608258593060782,0.02773095042575733,0.039778152037433755,0.009417109388095923,-0.007334579634698457,P003,1
-0.05308769836583451,0.019709632072590466,-0.017594008289961494,-0.004091908853206405,-0.01282647886050654,-0.05337555929863811,P003,0
-0.07004398910903546,-0.0526663821123293,-0.04658335948370222,0.021737120704528934,-0.014443173736890458,-0.05759146393111223,P003,0
0.062304319818031216,0.009655424865923124,-0.04482760410519404,-0.019489243012139924,0.015212587634505326,-0.059165422874093564,P004,0
0.06687345796617591,-0.05274175692920835,-0.011527068394298113,-0.009429133950834511,0.007345542376788217,0.05351824169747488,P004,0
-0.060443309762376884,0.020231438118025837,0.06304201009670578,0.0014087651252339128,-0.02171750976108342,0.04663537938258742,P004,0
-0.07730909659230747,-0.04979725603479892,-0.04171824727218336,-0.014922880304948195,-0.01249579147665827,-0.05669652955994024,P004,0
-0.02431385816007605,-0.0332793936937378,0.060488840829202674,-0.0030221812639865675,-0.05750466651538773,0.0477748885854453,P004,0
-0.05437433688448436,-0.030876765737320965,-0.02637137432320742,-0.013267434905174014,-0.05154658926603588,0.02794743563135853,P004,0
-0.021637780377113815,-0.021649072668515144,0.007230223253009172,-0.010127761608782749,-0.012569126081825744,0.05410022263040446,P004,0
-0.07913422244828325,-0.024643851993914723,-0.017069839618307013,-0.012082993082549365,-0.032022791580766354,-0.06332411757553018,P004,0
0.04957156149303046,-0.08376782215709681,-0.010216273872902092,-0.004042347238464572,-0.023007932723839986,0.018013779694047116,P004,0
-0.004154874102914619,0.001697755631266773,-0.05098013561064363,-0.014113244284635585,-0.020550393896064632,0.058827540559741466,P004,0
-0.019369199156426476,0.020389141535815725,0.10798814389208929,0.004667769525076438,0.011853304106398354,0.07477509807786191,P004,1
0.01497546552800486,0.07038026435966457,0.04344946388309836,0.004353980216001219,0.02408431597073104,0.08332195713628607,P004,1
-0.0034067118746861523,-0.044609206863242434,-0.03380674749046193,-0.0054682850093740855,-0.0021744619685250656,-0.10557630876965049,P004,0
-0.060493013395080196,-0.027987889544601786,-0.031078855168198062,-0.008948538499316783,-0.006115373734792229,-0.0711064178955894,P004,0
-0.06352494139127884,-0.05261719613972673,-0.03420831967491722,-0.013473730473742762,-0.00967997702196044,-0.06361255224701381,P004,0
-0.037002223393210444,0.0584063603901086,0.05019007860018974,0.005419279039051617,0.007213819926937504,0.09062478446385284,P004,1
0.11185177444922374,0.09145133793008427,0.05588334169669906,0.006012792665933376,0.0020359935259421035,0.09442880993492508,P004,1
0.1010949395611533,0.027580033048207043,0.06850078767993181,0.0011659416396469168,0.03628018029789928,0.05995994017166595,P004,1
0.10834416106436037,0.006814073517671204,0.06762368351583063,0.0029195431521657155,0.029870943876085222,0.09245807987936132,P004,1
-0.0018990822365594795,-0.052075384692943774,0.01653322256579486,-0.007554954996885499,-0.005611040158100877,0.050245333557950286,P004,0
0.07072349497657342,0.07277184713257157,0.030556528861689004,-0.0003910959882887255,0.011890092690555321,0.08989665070012051,P004,1
0.026889575836594303,0.01075847815918678,-0.032023453943475035,-0.012986854929840775,-0.028262699255310508,-0.0709555606531012,P004,0
-0.08622024628930376,0.036708706582976446,-0.02928535584378551,-0.016823315029796504,0.004745153551266412,-0.04175916781214255,P004,0
-0.02110718340945823,-0.06891156833735294,-0.025856812583288046,-0.023199203297826897,-0.007443708563550899,-0.06096768745583177,P005,0
0.007972522492218559,0.06945239397155092,0.026405009238396816,-0.009799847674457851,0.010583110424249753,-0.026190687413918567,P005,1
-0.020594928090940812,0.008734871900742291,0.013749696538798161,-0.05785143951088685,0.000919587248517928,0.04358633028850818,P005,0
-0.0015878329915722134,0.05580462387133593,-0.005453285557996424,0.007111736415390623,0.02115309112318755,0.06329024333622328,P005,1
-0.04644559033340556,0.030725285932567202,-0.03788831151687191,0.0044788293752390015,-0.007835503351952867,-0.08171305902110362,P005,0
-0.012932152065877745,-0.03066415169269021,-0.0052274930808380304,-0.03862820645899774,-0.002852168213485129,-0.060841486360459385,P005,0
-0.007034225383358716,-0.04077460088428779,0.05173816929222994,-0.028343156006303615,-0.015513113453744154,-0.09579852229217067,P005,0
0.026406627562846553,-0.00028953544660907936,0.08721147468049821,-0.02009319741246145,0.028120724584005073,-0.03743863387726378,P005,1
-0.04738879543347139,-0.05492515015512254,-0.030231138013550662,-0.01266906945629671,0.0028536758204609214,-0.06498318775011284,P005,0
-0.020441390273572325,-0.06176325063102013,-0.020991935056372313,-0.022262862713796495,-0.004910573459528678,-0.08304473712787512,P005,0
0.15835956722648917,0.06323530778763597,0.022827916149481098,0.006364310512526572,0.09569114299656575,0.02026689609697314,P005,1
-0.027608637044431818,-0.041243632500663804,0.006596464600670515,-0.022504680959991676,-0.01983143322468095,-0.10292076375644683,P005,0
0.02499546403041677,0.04480713726934482,0.028000975491613643,-0.03034368827302387,0.025308950411726983,-0.03790977076723721,P005,1
-0.009875812038262665,-0.03738881807548751,-0.02533368029630765,-0.03434447211593579,-0.005260662923683412,-0.06344104381187207,P005,0
-0.01073362702063605,-0.04395901890438836,-0.0196865228831939,-0.034731578186892875,-0.00814887885517237,-0.09592285002072458,P005,0
-0.0021032707094491344,-0.06826825503840155,0.013353881904049559,-0.03308827059345276,-0.004877334024240554,-0.0584717996865038,P005,0
-0.028442290889233845,-0.060924211283781914,-0.020087882947291292,-0.022536166820555082,-0.015630039050392952,-0.09077492106816862,P005,0
-0.011447097017844498,-0.022439001591919805,-0.02862283888125603,-0.02984965707455558,0.008464493846986443,-0.08453839319090548,P005,0
-0.024455221459538733,-0.02325918840469967,-0.021871004045351583,-0.054483687540232494,-0.005408759491820092,0.04375783308450991,P005,0
-0.025863627257149347,-0.05650119441870629,0.011593535463907756,-0.0504646874318496,-0.005833685415291256,0.040321814461549366,P005,0
-0.020033265757956543,-0.045716361969425634,0.014075768314842207,-0.02396625842202411,-0.021978964694062596,-0.06404986893539899,P005,0
-0.011271771093106508,-0.06192135495912225,0.014146512714251002,-0.039492269997390396,-0.005205549814854748,-0.08682075660344708,P005,0
-0.010179001355390937,-0.05573294303089824,-0.03363301621011487,-0.04067829652285582,-0.001452265288480703,0.03246768759800034,P005,0
-0.015340795012161835,0.07356929267225495,0.0768810321476849,0.04223467468409581,0.007281126043972108,0.05052419217863644,P005,1
