File,SensorId,Sensor_Location,Feature,Tiro_A,Tiro_B,DTW_Distance
data_P1_tanda_1.csv,LPMSB2-4B3322,Mano de Arco,AccZ (g)_sg,1,2,0.027139487560870822
data_P1_tanda_1.csv,LPMSB2-4B3322,Mano de Arco,AccZ (g)_sg,1,3,0.077534239843327
data_P1_tanda_1.csv,LPMSB2-4B3322,Mano de Arco,AccZ (g)_sg,1,4,0.045284499269598356
data_P1_tanda_1.csv,LPMSB2-4B3322,Mano de Arco,AccZ (g)_sg,1,5,0.13198019731982338
data_P1_tanda_1.csv,LPMSB2-4B3322,Mano de Arco,AccZ (g)_sg,2,3,0.0436938942397287
data_P1_tanda_1.csv,LPMSB2-4B3322,Mano de Arco,AccZ (g)_sg,2,4,0.018529207361086063
data_P1_tanda_1.csv,LPMSB2-4B3322,Mano de Arco,AccZ (g)_sg,2,5,0.09123887002072113
data_P1_tanda_1.csv,LPMSB2-4B3322,Mano de Arco,AccZ (g)_sg,3,4,0.030585799652957366
data_P1_tanda_1.csv,LPMSB2-4B3322,Mano de Arco,AccZ (g)_sg,3,5,0.055322320855018
data_P1_tanda_1.csv,LPMSB2-4B3322,Mano de Arco,AccZ (g)_sg,4,5,0.05690469535226557
data_P1_tanda_1.csv,LPMSB2-4B339F,Brazo,AccZ (g)_sg,1,2,0.06777829492417743
data_P1_tanda_1.csv,LPMSB2-4B339F,Brazo,AccZ (g)_sg,1,3,0.05912948069890216
data_P1_tanda_1.csv,LPMSB2-4B339F,Brazo,AccZ (g)_sg,1,4,0.05817473456492025
data_P1_tanda_1.csv,LPMSB2-4B339F,Brazo,AccZ (g)_sg,1,5,0.11012132193657545
data_P1_tanda_1.csv,LPMSB2-4B339F,Brazo,AccZ (g)_sg,2,3,0.018867091987989724
data_P1_tanda_1.csv,LPMSB2-4B339F,Brazo,AccZ (g)_sg,2,4,0.03364438723979054
data_P1_tanda_1.csv,LPMSB2-4B339F,Brazo,AccZ (g)_sg,2,5,0.08977489234811561
data_P1_tanda_1.csv,LPMSB2-4B339F,Brazo,AccZ (g)_sg,3,4,0.03538017321026359
data_P1_tanda_1.csv,LPMSB2-4B339F,Brazo,AccZ (g)_sg,3,5,0.12580513505039287
data_P1_tanda_1.csv,LPMSB2-4B339F,Brazo,AccZ (g)_sg,4,5,0.06614490427551306
data_P1_tanda_1.csv,LPMSB2-4B3285,Mano de Suelta,AccZ (g)_sg,1,2,0.015302630786423669
data_P1_tanda_1.csv,LPMSB2-4B3285,Mano de Suelta,AccZ (g)_sg,1,3,0.01722502677917645
data_P1_tanda_1.csv,LPMSB2-4B3285,Mano de Suelta,AccZ (g)_sg,1,4,0.022835438726395277
data_P1_tanda_1.csv,LPMSB2-4B3285,Mano de Suelta,AccZ (g)_sg,1,5,0.026650067411813944
data_P1_tanda_1.csv,LPMSB2-4B3285,Mano de Suelta,AccZ (g)_sg,2,3,0.019967986216235464
data_P1_tanda_1.csv,LPMSB2-4B3285,Mano de Suelta,AccZ (g)_sg,2,4,0.015392975419276459
data_P1_tanda_1.csv,LPMSB2-4B3285,Mano de Suelta,AccZ (g)_sg,2,5,0.01679742887102009
data_P1_tanda_1.csv,LPMSB2-4B3285,Mano de Suelta,AccZ (g)_sg,3,4,0.015100732224906538
data_P1_tanda_1.csv,LPMSB2-4B3285,Mano de Suelta,AccZ (g)_sg,3,5,0.044138442715743895
data_P1_tanda_1.csv,LPMSB2-4B3285,Mano de Suelta,AccZ (g)_sg,4,5,0.016240606416428438
data_P1_tanda_3.csv,LPMSB2-4B3322,Mano de Arco,AccZ (g)_sg,1,2,0.04490378499031055
data_P1_tanda_3.csv,LPMSB2-4B3322,Mano de Arco,AccZ (g)_sg,1,3,0.03223243355751038
data_P1_tanda_3.csv,LPMSB2-4B3322,Mano de Arco,AccZ (g)_sg,1,4,0.057451784610748305
data_P1_tanda_3.csv,LPMSB2-4B3322,Mano de Arco,AccZ (g)_sg,1,5,0.2536634504795075
data_P1_tanda_3.csv,LPMSB2-4B3322,Mano de Arco,AccZ (g)_sg,2,3,0.01267135143279986
data_P1_tanda_3.csv,LPMSB2-4B3322,Mano de Arco,AccZ (g)_sg,2,4,0.012547999620437629
data_P1_tanda_3.csv,LPMSB2-4B3322,Mano de Arco,AccZ (g)_sg,2,5,0.20875966548919686
data_P1_tanda_3.csv,LPMSB2-4B3322,Mano de Arco,AccZ (g)_sg,3,4,0.02521935105323793
data_P1_tanda_3.csv,LPMSB2-4B3322,Mano de Arco,AccZ (g)_sg,3,5,0.2214310169219971
data_P1_tanda_3.csv,LPMSB2-4B3322,Mano de Arco,AccZ (g)_sg,4,5,0.1962116658687591
data_P1_tanda_3.csv,LPMSB2-4B339F,Brazo,AccZ (g)_sg,1,2,0.03646450267519341
data_P1_tanda_3.csv,LPMSB2-4B339F,Brazo,AccZ (g)_sg,1,3,0.18272360564191428
data_P1_tanda_3.csv,LPMSB2-4B339F,Brazo,AccZ (g)_sg,1,4,0.147895940404135
data_P1_tanda_3.csv,LPMSB2-4B339F,Brazo,AccZ (g)_sg,1,5,0.14582426168917376
data_P1_tanda_3.csv,LPMSB2-4B339F,Brazo,AccZ (g)_sg,2,3,0.07597951748189855
data_P1_tanda_3.csv,LPMSB2-4B339F,Brazo,AccZ (g)_sg,2,4,0.055408415487362195
data_P1_tanda_3.csv,LPMSB2-4B339F,Brazo,AccZ (g)_sg,2,5,0.06678630547655261
data_P1_tanda_3.csv,LPMSB2-4B339F,Brazo,AccZ (g)_sg,3,4,0.016006619275022976
data_P1_tanda_3.csv,LPMSB2-4B339F,Brazo,AccZ (g)_sg,3,5,0.034738882390221985
data_P1_tanda_3.csv,LPMSB2-4B339F,Brazo,AccZ (g)_sg,4,5,0.036186528482377356
data_P1_tanda_3.csv,LPMSB2-4B3285,Mano de Suelta,AccZ (g)_sg,1,2,0.022300206050599965
data_P1_tanda_3.csv,LPMSB2-4B3285,Mano de Suelta,AccZ (g)_sg,1,3,0.04510637723119939
data_P1_tanda_3.csv,LPMSB2-4B3285,Mano de Suelta,AccZ (g)_sg,1,4,0.04255360187434473
data_P1_tanda_3.csv,LPMSB2-4B3285,Mano de Suelta,AccZ (g)_sg,1,5,0.03639730084171511
data_P1_tanda_3.csv,LPMSB2-4B3285,Mano de Suelta,AccZ (g)_sg,2,3,0.011058698992506971
data_P1_tanda_3.csv,LPMSB2-4B3285,Mano de Suelta,AccZ (g)_sg,2,4,0.0107012322594521
data_P1_tanda_3.csv,LPMSB2-4B3285,Mano de Suelta,AccZ (g)_sg,2,5,0.04478279765590921
data_P1_tanda_3.csv,LPMSB2-4B3285,Mano de Suelta,AccZ (g)_sg,3,4,0.008194350801472286
data_P1_tanda_3.csv,LPMSB2-4B3285,Mano de Suelta,AccZ (g)_sg,3,5,0.065333421560824
data_P1_tanda_3.csv,LPMSB2-4B3285,Mano de Suelta,AccZ (g)_sg,4,5,0.05210725688838052
data_P1_tanda_4.csv,LPMSB2-4B3322,Mano de Arco,AccZ (g)_sg,1,2,0.16165864467620839
data_P1_tanda_4.csv,LPMSB2-4B3322,Mano de Arco,AccZ (g)_sg,1,3,0.14814743399620042
data_P1_tanda_4.csv,LPMSB2-4B3322,Mano de Arco,AccZ (g)_sg,1,4,0.25647863745689387
data_P1_tanda_4.csv,LPMSB2-4B3322,Mano de Arco,AccZ (g)_sg,1,5,0.29326447844505316
data_P1_tanda_4.csv,LPMSB2-4B3322,Mano de Arco,AccZ (g)_sg,2,3,0.013511210680007936
data_P1_tanda_4.csv,LPMSB2-4B3322,Mano de Arco,AccZ (g)_sg,2,4,0.0948199927806854
data_P1_tanda_4.csv,LPMSB2-4B3322,Mano de Arco,AccZ (g)_sg,2,5,0.13160583376884463
data_P1_tanda_4.csv,LPMSB2-4B3322,Mano de Arco,AccZ (g)_sg,3,4,0.10833120346069343
data_P1_tanda_4.csv,LPMSB2-4B3322,Mano de Arco,AccZ (g)_sg,3,5,0.14511704444885257
data_P1_tanda_4.csv,LPMSB2-4B3322,Mano de Arco,AccZ (g)_sg,4,5,0.03678584098815919
data_P1_tanda_4.csv,LPMSB2-4B339F,Brazo,AccZ (g)_sg,1,2,0.02366506710085445
data_P1_tanda_4.csv,LPMSB2-4B339F,Brazo,AccZ (g)_sg,1,3,0.03161489032319315
data_P1_tanda_4.csv,LPMSB2-4B339F,Brazo,AccZ (g)_sg,1,4,0.033131920181283706
data_P1_tanda_4.csv,LPMSB2-4B339F,Brazo,AccZ (g)_sg,1,5,0.05615083970108715
data_P1_tanda_4.csv,LPMSB2-4B339F,Brazo,AccZ (g)_sg,2,3,0.016503639596914973
data_P1_tanda_4.csv,LPMSB2-4B339F,Brazo,AccZ (g)_sg,2,4,0.014722138035769829
data_P1_tanda_4.csv,LPMSB2-4B339F,Brazo,AccZ (g)_sg,2,5,0.05436964889068013
data_P1_tanda_4.csv,LPMSB2-4B339F,Brazo,AccZ (g)_sg,3,4,0.01803975054862409
data_P1_tanda_4.csv,LPMSB2-4B339F,Brazo,AccZ (g)_sg,3,5,0.07299957712986026
data_P1_tanda_4.csv,LPMSB2-4B339F,Brazo,AccZ (g)_sg,4,5,0.06244627273456652
data_P1_tanda_4.csv,LPMSB2-4B3285,Mano de Suelta,AccZ (g)_sg,1,2,0.019033620408488463
data_P1_tanda_4.csv,LPMSB2-4B3285,Mano de Suelta,AccZ (g)_sg,1,3,0.02214670002242149
data_P1_tanda_4.csv,LPMSB2-4B3285,Mano de Suelta,AccZ (g)_sg,1,4,0.040936341362738785
data_P1_tanda_4.csv,LPMSB2-4B3285,Mano de Suelta,AccZ (g)_sg,1,5,0.03492253683020513
data_P1_tanda_4.csv,LPMSB2-4B3285,Mano de Suelta,AccZ (g)_sg,2,3,0.012581164657952885
data_P1_tanda_4.csv,LPMSB2-4B3285,Mano de Suelta,AccZ (g)_sg,2,4,0.02408118332887244
data_P1_tanda_4.csv,LPMSB2-4B3285,Mano de Suelta,AccZ (g)_sg,2,5,0.042575968328482656
data_P1_tanda_4.csv,LPMSB2-4B3285,Mano de Suelta,AccZ (g)_sg,3,4,0.025469870186917227
data_P1_tanda_4.csv,LPMSB2-4B3285,Mano de Suelta,AccZ (g)_sg,3,5,0.03479268728899123
data_P1_tanda_4.csv,LPMSB2-4B3285,Mano de Suelta,AccZ (g)_sg,4,5,0.027077958477268443
data_P1_tanda_5.csv,LPMSB2-4B3322,Mano de Arco,AccZ (g)_sg,1,2,0.19104787707328805
data_P1_tanda_5.csv,LPMSB2-4B3322,Mano de Arco,AccZ (g)_sg,1,3,0.16399809718132008
data_P1_tanda_5.csv,LPMSB2-4B3322,Mano de Arco,AccZ (g)_sg,1,4,0.06660532951354872
data_P1_tanda_5.csv,LPMSB2-4B3322,Mano de Arco,AccZ (g)_sg,1,5,0.211255967617035
data_P1_tanda_5.csv,LPMSB2-4B3322,Mano de Arco,AccZ (g)_sg,2,3,0.027049779891967777
data_P1_tanda_5.csv,LPMSB2-4B3322,Mano de Arco,AccZ (g)_sg,2,4,0.25765320658683755
data_P1_tanda_5.csv,LPMSB2-4B3322,Mano de Arco,AccZ (g)_sg,2,5,0.020208090543746966
data_P1_tanda_5.csv,LPMSB2-4B3322,Mano de Arco,AccZ (g)_sg,3,4,0.2306034266948698
data_P1_tanda_5.csv,LPMSB2-4B3322,Mano de Arco,AccZ (g)_sg,3,5,0.047257870435714736
data_P1_tanda_5.csv,LPMSB2-4B3322,Mano de Arco,AccZ (g)_sg,4,5,0.27786129713058466
data_P1_tanda_5.csv,LPMSB2-4B339F,Brazo,AccZ (g)_sg,1,2,0.04992106815537584
data_P1_tanda_5.csv,LPMSB2-4B339F,Brazo,AccZ (g)_sg,1,3,0.02758070599432851
data_P1_tanda_5.csv,LPMSB2-4B339F,Brazo,AccZ (g)_sg,1,4,0.10787886166678733
data_P1_tanda_5.csv,LPMSB2-4B339F,Brazo,AccZ (g)_sg,1,5,0.10626966680074504
data_P1_tanda_5.csv,LPMSB2-4B339F,Brazo,AccZ (g)_sg,2,3,0.10810049045396439
data_P1_tanda_5.csv,LPMSB2-4B339F,Brazo,AccZ (g)_sg,2,4,0.052059760510856076
data_P1_tanda_5.csv,LPMSB2-4B339F,Brazo,AccZ (g)_sg,2,5,0.0435159947758207
data_P1_tanda_5.csv,LPMSB2-4B339F,Brazo,AccZ (g)_sg,3,4,0.14190889873811388
data_P1_tanda_5.csv,LPMSB2-4B339F,Brazo,AccZ (g)_sg,3,5,0.20423641027867157
data_P1_tanda_5.csv,LPMSB2-4B339F,Brazo,AccZ (g)_sg,4,5,0.02269824696521202
data_P1_tanda_5.csv,LPMSB2-4B3285,Mano de Suelta,AccZ (g)_sg,1,2,0.03602439803986353
data_P1_tanda_5.csv,LPMSB2-4B3285,Mano de Suelta,AccZ (g)_sg,1,3,0.02756305162196215
data_P1_tanda_5.csv,LPMSB2-4B3285,Mano de Suelta,AccZ (g)_sg,1,4,0.022610655930262156
data_P1_tanda_5.csv,LPMSB2-4B3285,Mano de Suelta,AccZ (g)_sg,1,5,0.029803052210932848
data_P1_tanda_5.csv,LPMSB2-4B3285,Mano de Suelta,AccZ (g)_sg,2,3,0.013752577288443282
data_P1_tanda_5.csv,LPMSB2-4B3285,Mano de Suelta,AccZ (g)_sg,2,4,0.06564304150829309
data_P1_tanda_5.csv,LPMSB2-4B3285,Mano de Suelta,AccZ (g)_sg,2,5,0.02314266102038032
data_P1_tanda_5.csv,LPMSB2-4B3285,Mano de Suelta,AccZ (g)_sg,3,4,0.07624686184683087
data_P1_tanda_5.csv,LPMSB2-4B3285,Mano de Suelta,AccZ (g)_sg,3,5,0.02334719312790678
data_P1_tanda_5.csv,LPMSB2-4B3285,Mano de Suelta,AccZ (g)_sg,4,5,0.04559106980605794
data_P2_tanda_1.csv,LPMSB2-4B3285,Mano de Suelta,AccZ (g)_sg,1,2,0.43284702301025435
data_P2_tanda_1.csv,LPMSB2-4B3285,Mano de Suelta,AccZ (g)_sg,1,3,0.1724280118942263
data_P2_tanda_1.csv,LPMSB2-4B3285,Mano de Suelta,AccZ (g)_sg,1,4,0.3359776735305788
data_P2_tanda_1.csv,LPMSB2-4B3285,Mano de Suelta,AccZ (g)_sg,1,5,0.2840017080307003
data_P2_tanda_1.csv,LPMSB2-4B3285,Mano de Suelta,AccZ (g)_sg,2,3,0.6052750349044803
data_P2_tanda_1.csv,LPMSB2-4B3285,Mano de Suelta,AccZ (g)_sg,2,4,0.09686934947967545
data_P2_tanda_1.csv,LPMSB2-4B3285,Mano de Suelta,AccZ (g)_sg,2,5,0.1488453149795533
data_P2_tanda_1.csv,LPMSB2-4B3285,Mano de Suelta,AccZ (g)_sg,3,4,0.5084056854248051
data_P2_tanda_1.csv,LPMSB2-4B3285,Mano de Suelta,AccZ (g)_sg,3,5,0.4564297199249272
data_P2_tanda_1.csv,LPMSB2-4B3285,Mano de Suelta,AccZ (g)_sg,4,5,0.051975965499877944
data_P2_tanda_1.csv,LPMSB2-4B3322,Mano de Arco,AccZ (g)_sg,1,2,0.03530803322792047
data_P2_tanda_1.csv,LPMSB2-4B3322,Mano de Arco,AccZ (g)_sg,1,3,0.053402543067932
data_P2_tanda_1.csv,LPMSB2-4B3322,Mano de Arco,AccZ (g)_sg,1,4,0.06941261887550346
data_P2_tanda_1.csv,LPMSB2-4B3322,Mano de Arco,AccZ (g)_sg,1,5,0.0651886165142058
data_P2_tanda_1.csv,LPMSB2-4B3322,Mano de Arco,AccZ (g)_sg,2,3,0.08871057629585233
data_P2_tanda_1.csv,LPMSB2-4B3322,Mano de Arco,AccZ (g)_sg,2,4,0.034104585647583036
data_P2_tanda_1.csv,LPMSB2-4B3322,Mano de Arco,AccZ (g)_sg,2,5,0.10049664974212622
data_P2_tanda_1.csv,LPMSB2-4B3322,Mano de Arco,AccZ (g)_sg,3,4,0.1228151619434354
data_P2_tanda_1.csv,LPMSB2-4B3322,Mano de Arco,AccZ (g)_sg,3,5,0.011786073446273807
data_P2_tanda_1.csv,LPMSB2-4B3322,Mano de Arco,AccZ (g)_sg,4,5,0.13460123538970922
data_P2_tanda_1.csv,LPMSB2-4B339F,Brazo,AccZ (g)_sg,1,2,0.06412618542860637
data_P2_tanda_1.csv,LPMSB2-4B339F,Brazo,AccZ (g)_sg,1,3,0.039402203574014215
data_P2_tanda_1.csv,LPMSB2-4B339F,Brazo,AccZ (g)_sg,1,4,0.057150205428475785
data_P2_tanda_1.csv,LPMSB2-4B339F,Brazo,AccZ (g)_sg,1,5,0.058298794906963915
data_P2_tanda_1.csv,LPMSB2-4B339F,Brazo,AccZ (g)_sg,2,3,0.06950528412738338
data_P2_tanda_1.csv,LPMSB2-4B339F,Brazo,AccZ (g)_sg,2,4,0.02225275681316643
data_P2_tanda_1.csv,LPMSB2-4B339F,Brazo,AccZ (g)_sg,2,5,0.056460171056994246
data_P2_tanda_1.csv,LPMSB2-4B339F,Brazo,AccZ (g)_sg,3,4,0.06716119664803372
data_P2_tanda_1.csv,LPMSB2-4B339F,Brazo,AccZ (g)_sg,3,5,0.042174244238552906
data_P2_tanda_1.csv,LPMSB2-4B339F,Brazo,AccZ (g)_sg,4,5,0.04692408981119542
data_P2_tanda_2.csv,LPMSB2-4B3285,Mano de Suelta,AccZ (g)_sg,1,2,0.2542051672935488
data_P2_tanda_2.csv,LPMSB2-4B3285,Mano de Suelta,AccZ (g)_sg,1,3,0.28522062301635764
data_P2_tanda_2.csv,LPMSB2-4B3285,Mano de Suelta,AccZ (g)_sg,1,4,0.6212130784988407
data_P2_tanda_2.csv,LPMSB2-4B3285,Mano de Suelta,AccZ (g)_sg,1,5,0.33868253231048645
data_P2_tanda_2.csv,LPMSB2-4B3285,Mano de Suelta,AccZ (g)_sg,2,3,0.031015455722808866
data_P2_tanda_2.csv,LPMSB2-4B3285,Mano de Suelta,AccZ (g)_sg,2,4,0.36700791120529214
data_P2_tanda_2.csv,LPMSB2-4B3285,Mano de Suelta,AccZ (g)_sg,2,5,0.08447736501693712
data_P2_tanda_2.csv,LPMSB2-4B3285,Mano de Suelta,AccZ (g)_sg,3,4,0.33599245548248335
data_P2_tanda_2.csv,LPMSB2-4B3285,Mano de Suelta,AccZ (g)_sg,3,5,0.05346190929412758
data_P2_tanda_2.csv,LPMSB2-4B3285,Mano de Suelta,AccZ (g)_sg,4,5,0.28253054618835466
data_P2_tanda_2.csv,LPMSB2-4B3322,Mano de Arco,AccZ (g)_sg,1,2,0.15484869480133034
data_P2_tanda_2.csv,LPMSB2-4B3322,Mano de Arco,AccZ (g)_sg,1,3,0.15008801221847504
data_P2_tanda_2.csv,LPMSB2-4B3322,Mano de Arco,AccZ (g)_sg,1,4,0.058753401041030266
data_P2_tanda_2.csv,LPMSB2-4B3322,Mano de Arco,AccZ (g)_sg,1,5,0.11506414413452137
data_P2_tanda_2.csv,LPMSB2-4B3322,Mano de Arco,AccZ (g)_sg,2,3,0.004760682582855233
data_P2_tanda_2.csv,LPMSB2-4B3322,Mano de Arco,AccZ (g)_sg,2,4,0.09609529376029978
data_P2_tanda_2.csv,LPMSB2-4B3322,Mano de Arco,AccZ (g)_sg,2,5,0.039784550666809006
data_P2_tanda_2.csv,LPMSB2-4B3322,Mano de Arco,AccZ (g)_sg,3,4,0.0913346111774445
data_P2_tanda_2.csv,LPMSB2-4B3322,Mano de Arco,AccZ (g)_sg,3,5,0.03502386808395347
data_P2_tanda_2.csv,LPMSB2-4B3322,Mano de Arco,AccZ (g)_sg,4,5,0.05631074309349065
data_P2_tanda_2.csv,LPMSB2-4B339F,Brazo,AccZ (g)_sg,1,2,0.044152381977304166
data_P2_tanda_2.csv,LPMSB2-4B339F,Brazo,AccZ (g)_sg,1,3,0.04417284350462493
data_P2_tanda_2.csv,LPMSB2-4B339F,Brazo,AccZ (g)_sg,1,4,0.04687173246814505
data_P2_tanda_2.csv,LPMSB2-4B339F,Brazo,AccZ (g)_sg,1,5,0.021766645015541812
data_P2_tanda_2.csv,LPMSB2-4B339F,Brazo,AccZ (g)_sg,2,3,0.05316972407430293
data_P2_tanda_2.csv,LPMSB2-4B339F,Brazo,AccZ (g)_sg,2,4,0.056056316025814505
data_P2_tanda_2.csv,LPMSB2-4B339F,Brazo,AccZ (g)_sg,2,5,0.012598398468902617
data_P2_tanda_2.csv,LPMSB2-4B339F,Brazo,AccZ (g)_sg,3,4,0.04151826571161919
data_P2_tanda_2.csv,LPMSB2-4B339F,Brazo,AccZ (g)_sg,3,5,0.04545156950352036
data_P2_tanda_2.csv,LPMSB2-4B339F,Brazo,AccZ (g)_sg,4,5,0.06757045171160514
data_P2_tanda_3.csv,LPMSB2-4B3285,Mano de Suelta,AccZ (g)_sg,1,2,0.05353486537933206
data_P2_tanda_3.csv,LPMSB2-4B3285,Mano de Suelta,AccZ (g)_sg,1,3,0.2649160027503969
data_P2_tanda_3.csv,LPMSB2-4B3285,Mano de Suelta,AccZ (g)_sg,1,4,0.11366558074951179
data_P2_tanda_3.csv,LPMSB2-4B3285,Mano de Suelta,AccZ (g)_sg,1,5,1.1704059243202214
data_P2_tanda_3.csv,LPMSB2-4B3285,Mano de Suelta,AccZ (g)_sg,2,3,0.3184508681297298
data_P2_tanda_3.csv,LPMSB2-4B3285,Mano de Suelta,AccZ (g)_sg,2,4,0.1672004461288453
data_P2_tanda_3.csv,LPMSB2-4B3285,Mano de Suelta,AccZ (g)_sg,2,5,1.223940789699555
data_P2_tanda_3.csv,LPMSB2-4B3285,Mano de Suelta,AccZ (g)_sg,3,4,0.151250422000884
data_P2_tanda_3.csv,LPMSB2-4B3285,Mano de Suelta,AccZ (g)_sg,3,5,0.9054899215698243
data_P2_tanda_3.csv,LPMSB2-4B3285,Mano de Suelta,AccZ (g)_sg,4,5,1.0567403435707101
data_P2_tanda_3.csv,LPMSB2-4B3322,Mano de Arco,AccZ (g)_sg,1,2,0.015544772148131951
data_P2_tanda_3.csv,LPMSB2-4B3322,Mano de Arco,AccZ (g)_sg,1,3,0.08386376500129686
data_P2_tanda_3.csv,LPMSB2-4B3322,Mano de Arco,AccZ (g)_sg,1,4,0.048594862222670926
data_P2_tanda_3.csv,LPMSB2-4B3322,Mano de Arco,AccZ (g)_sg,1,5,0.13866558670997595
data_P2_tanda_3.csv,LPMSB2-4B3322,Mano de Arco,AccZ (g)_sg,2,3,0.06831899285316471
data_P2_tanda_3.csv,LPMSB2-4B3322,Mano de Arco,AccZ (g)_sg,2,4,0.03305009007453898
data_P2_tanda_3.csv,LPMSB2-4B3322,Mano de Arco,AccZ (g)_sg,2,5,0.12312081456184272
data_P2_tanda_3.csv,LPMSB2-4B3322,Mano de Arco,AccZ (g)_sg,3,4,0.03526890277862551
data_P2_tanda_3.csv,LPMSB2-4B3322,Mano de Arco,AccZ (g)_sg,3,5,0.05480182170867699
data_P2_tanda_3.csv,LPMSB2-4B3322,Mano de Arco,AccZ (g)_sg,4,5,0.09007072448730279
data_P2_tanda_3.csv,LPMSB2-4B339F,Brazo,AccZ (g)_sg,1,2,0.03387540823194983
data_P2_tanda_3.csv,LPMSB2-4B339F,Brazo,AccZ (g)_sg,1,3,0.04689819493855552
data_P2_tanda_3.csv,LPMSB2-4B339F,Brazo,AccZ (g)_sg,1,4,0.02097494939844709
data_P2_tanda_3.csv,LPMSB2-4B339F,Brazo,AccZ (g)_sg,1,5,0.15834124605331273
data_P2_tanda_3.csv,LPMSB2-4B339F,Brazo,AccZ (g)_sg,2,3,0.06230666464897883
data_P2_tanda_3.csv,LPMSB2-4B339F,Brazo,AccZ (g)_sg,2,4,0.03755068833974896
data_P2_tanda_3.csv,LPMSB2-4B339F,Brazo,AccZ (g)_sg,2,5,0.13055685791418215
data_P2_tanda_3.csv,LPMSB2-4B339F,Brazo,AccZ (g)_sg,3,4,0.043287780412214205
data_P2_tanda_3.csv,LPMSB2-4B339F,Brazo,AccZ (g)_sg,3,5,0.13895219407672757
data_P2_tanda_3.csv,LPMSB2-4B339F,Brazo,AccZ (g)_sg,4,5,0.1266600533103744
data_P2_tanda_4.csv,LPMSB2-4B3285,Mano de Suelta,AccZ (g)_sg,1,2,0.35915297269821206
data_P2_tanda_4.csv,LPMSB2-4B3285,Mano de Suelta,AccZ (g)_sg,1,3,0.4089664816856388
data_P2_tanda_4.csv,LPMSB2-4B3285,Mano de Suelta,AccZ (g)_sg,1,4,0.1975938677787782
data_P2_tanda_4.csv,LPMSB2-4B3285,Mano de Suelta,AccZ (g)_sg,1,5,0.1450248360633846
data_P2_tanda_4.csv,LPMSB2-4B3285,Mano de Suelta,AccZ (g)_sg,2,3,0.049813508987426564
data_P2_tanda_4.csv,LPMSB2-4B3285,Mano de Suelta,AccZ (g)_sg,2,4,0.16155910491943368
data_P2_tanda_4.csv,LPMSB2-4B3285,Mano de Suelta,AccZ (g)_sg,2,5,0.504177808761597
data_P2_tanda_4.csv,LPMSB2-4B3285,Mano de Suelta,AccZ (g)_sg,3,4,0.21137261390686052
data_P2_tanda_4.csv,LPMSB2-4B3285,Mano de Suelta,AccZ (g)_sg,3,5,0.5539913177490237
data_P2_tanda_4.csv,LPMSB2-4B3285,Mano de Suelta,AccZ (g)_sg,4,5,0.3426187038421627
data_P2_tanda_4.csv,LPMSB2-4B3322,Mano de Arco,AccZ (g)_sg,1,2,0.0175868570804596
data_P2_tanda_4.csv,LPMSB2-4B3322,Mano de Arco,AccZ (g)_sg,1,3,0.006177157163619995
data_P2_tanda_4.csv,LPMSB2-4B3322,Mano de Arco,AccZ (g)_sg,1,4,0.04634183645248406
data_P2_tanda_4.csv,LPMSB2-4B3322,Mano de Arco,AccZ (g)_sg,1,5,0.06494244933128321
data_P2_tanda_4.csv,LPMSB2-4B3322,Mano de Arco,AccZ (g)_sg,2,3,0.011409699916839605
data_P2_tanda_4.csv,LPMSB2-4B3322,Mano de Arco,AccZ (g)_sg,2,4,0.028754979372023964
data_P2_tanda_4.csv,LPMSB2-4B3322,Mano de Arco,AccZ (g)_sg,2,5,0.08252930641174328
data_P2_tanda_4.csv,LPMSB2-4B3322,Mano de Arco,AccZ (g)_sg,3,4,0.040164679288863664
data_P2_tanda_4.csv,LPMSB2-4B3322,Mano de Arco,AccZ (g)_sg,3,5,0.07111960649490355
data_P2_tanda_4.csv,LPMSB2-4B3322,Mano de Arco,AccZ (g)_sg,4,5,0.1112842857837673
data_P2_tanda_4.csv,LPMSB2-4B339F,Brazo,AccZ (g)_sg,1,2,0.06642347221121156
data_P2_tanda_4.csv,LPMSB2-4B339F,Brazo,AccZ (g)_sg,1,3,0.07015192739110167
data_P2_tanda_4.csv,LPMSB2-4B339F,Brazo,AccZ (g)_sg,1,4,0.035684761125553514
data_P2_tanda_4.csv,LPMSB2-4B339F,Brazo,AccZ (g)_sg,1,5,0.06472725541439504
data_P2_tanda_4.csv,LPMSB2-4B339F,Brazo,AccZ (g)_sg,2,3,0.047332016330159196
data_P2_tanda_4.csv,LPMSB2-4B339F,Brazo,AccZ (g)_sg,2,4,0.04682853699331354
data_P2_tanda_4.csv,LPMSB2-4B339F,Brazo,AccZ (g)_sg,2,5,0.03942997789022821
data_P2_tanda_4.csv,LPMSB2-4B339F,Brazo,AccZ (g)_sg,3,4,0.04318149505547525
data_P2_tanda_4.csv,LPMSB2-4B339F,Brazo,AccZ (g)_sg,3,5,0.04665295233006663
data_P2_tanda_4.csv,LPMSB2-4B339F,Brazo,AccZ (g)_sg,4,5,0.035181928706008496
data_P2_tanda_5.csv,LPMSB2-4B3285,Mano de Suelta,AccZ (g)_sg,1,2,0.8763537704944615
data_P2_tanda_5.csv,LPMSB2-4B3285,Mano de Suelta,AccZ (g)_sg,1,3,1.0364269316196446
data_P2_tanda_5.csv,LPMSB2-4B3285,Mano de Suelta,AccZ (g)_sg,1,4,1.046160608530045
data_P2_tanda_5.csv,LPMSB2-4B3285,Mano de Suelta,AccZ (g)_sg,1,5,0.9211305677890781
data_P2_tanda_5.csv,LPMSB2-4B3285,Mano de Suelta,AccZ (g)_sg,2,3,0.16007316112518324
data_P2_tanda_5.csv,LPMSB2-4B3285,Mano de Suelta,AccZ (g)_sg,2,4,0.1698068380355834
data_P2_tanda_5.csv,LPMSB2-4B3285,Mano de Suelta,AccZ (g)_sg,2,5,0.044776797294616734
data_P2_tanda_5.csv,LPMSB2-4B3285,Mano de Suelta,AccZ (g)_sg,3,4,0.009733676910399853
data_P2_tanda_5.csv,LPMSB2-4B3285,Mano de Suelta,AccZ (g)_sg,3,5,0.11529636383056646
data_P2_tanda_5.csv,LPMSB2-4B3285,Mano de Suelta,AccZ (g)_sg,4,5,0.12503004074096644
data_P2_tanda_5.csv,LPMSB2-4B339F,Brazo,AccZ (g)_sg,1,2,0.0380765526455486
data_P2_tanda_5.csv,LPMSB2-4B339F,Brazo,AccZ (g)_sg,1,3,0.029904966129270207
data_P2_tanda_5.csv,LPMSB2-4B339F,Brazo,AccZ (g)_sg,1,4,0.04074571894854565
data_P2_tanda_5.csv,LPMSB2-4B339F,Brazo,AccZ (g)_sg,1,5,0.057236341320334484
data_P2_tanda_5.csv,LPMSB2-4B339F,Brazo,AccZ (g)_sg,2,3,0.0486639977270761
data_P2_tanda_5.csv,LPMSB2-4B339F,Brazo,AccZ (g)_sg,2,4,0.04449021028717212
data_P2_tanda_5.csv,LPMSB2-4B339F,Brazo,AccZ (g)_sg,2,5,0.07022309221808466
data_P2_tanda_5.csv,LPMSB2-4B339F,Brazo,AccZ (g)_sg,3,4,0.034379749700703593
data_P2_tanda_5.csv,LPMSB2-4B339F,Brazo,AccZ (g)_sg,3,5,0.049224598533440314
data_P2_tanda_5.csv,LPMSB2-4B339F,Brazo,AccZ (g)_sg,4,5,0.05515744922267818
data_P2_tanda_5.csv,LPMSB2-4B3322,Mano de Arco,AccZ (g)_sg,1,2,0.03607934166268226
data_P2_tanda_5.csv,LPMSB2-4B3322,Mano de Arco,AccZ (g)_sg,1,3,0.061232640554353096
data_P2_tanda_5.csv,LPMSB2-4B3322,Mano de Arco,AccZ (g)_sg,1,4,0.060488114339070836
data_P2_tanda_5.csv,LPMSB2-4B3322,Mano de Arco,AccZ (g)_sg,1,5,0.06461524980443933
data_P2_tanda_5.csv,LPMSB2-4B3322,Mano de Arco,AccZ (g)_sg,2,3,0.012798949035761793
data_P2_tanda_5.csv,LPMSB2-4B3322,Mano de Arco,AccZ (g)_sg,2,4,0.018590533284255126
data_P2_tanda_5.csv,LPMSB2-4B3322,Mano de Arco,AccZ (g)_sg,2,5,0.029807122761139913
data_P2_tanda_5.csv,LPMSB2-4B3322,Mano de Arco,AccZ (g)_sg,3,4,0.009126032804717835
data_P2_tanda_5.csv,LPMSB2-4B3322,Mano de Arco,AccZ (g)_sg,3,5,0.016933566613684572
data_P2_tanda_5.csv,LPMSB2-4B3322,Mano de Arco,AccZ (g)_sg,4,5,0.020959475765210858
data_P3_tanda_1.csv,LPMSB2-4B3285,Mano de Suelta,AccZ (g)_sg,1,2,0.0959423069771617
data_P3_tanda_1.csv,LPMSB2-4B3322,Mano de Arco,AccZ (g)_sg,1,2,0.4926561351478037
data_P3_tanda_1.csv,LPMSB2-4B339F,Brazo,AccZ (g)_sg,1,2,0.1691578273840177
data_P3_tanda_2.csv,LPMSB2-4B3285,Mano de Suelta,AccZ (g)_sg,1,2,0.07198504852083773
data_P3_tanda_2.csv,LPMSB2-4B3285,Mano de Suelta,AccZ (g)_sg,1,3,0.06716923339378357
data_P3_tanda_2.csv,LPMSB2-4B3285,Mano de Suelta,AccZ (g)_sg,1,4,0.0434217760068343
data_P3_tanda_2.csv,LPMSB2-4B3285,Mano de Suelta,AccZ (g)_sg,1,5,0.17363272552456088
data_P3_tanda_2.csv,LPMSB2-4B3285,Mano de Suelta,AccZ (g)_sg,2,3,0.05593936260843568
data_P3_tanda_2.csv,LPMSB2-4B3285,Mano de Suelta,AccZ (g)_sg,2,4,0.06118032984784019
data_P3_tanda_2.csv,LPMSB2-4B3285,Mano de Suelta,AccZ (g)_sg,2,5,0.18977990661741587
data_P3_tanda_2.csv,LPMSB2-4B3285,Mano de Suelta,AccZ (g)_sg,3,4,0.053517239345937884
data_P3_tanda_2.csv,LPMSB2-4B3285,Mano de Suelta,AccZ (g)_sg,3,5,0.19479835688828276
data_P3_tanda_2.csv,LPMSB2-4B3285,Mano de Suelta,AccZ (g)_sg,4,5,0.17577540233845107
data_P3_tanda_2.csv,LPMSB2-4B3322,Mano de Arco,AccZ (g)_sg,1,2,0.006548255681991577
data_P3_tanda_2.csv,LPMSB2-4B3322,Mano de Arco,AccZ (g)_sg,1,3,0.04754427075386012
data_P3_tanda_2.csv,LPMSB2-4B3322,Mano de Arco,AccZ (g)_sg,1,4,0.10673481225967393
data_P3_tanda_2.csv,LPMSB2-4B3322,Mano de Arco,AccZ (g)_sg,1,5,0.03797516226768494
data_P3_tanda_2.csv,LPMSB2-4B3322,Mano de Arco,AccZ (g)_sg,2,3,0.05409252643585171
data_P3_tanda_2.csv,LPMSB2-4B3322,Mano de Arco,AccZ (g)_sg,2,4,0.11328306794166569
data_P3_tanda_2.csv,LPMSB2-4B3322,Mano de Arco,AccZ (g)_sg,2,5,0.031426906585693366
data_P3_tanda_2.csv,LPMSB2-4B3322,Mano de Arco,AccZ (g)_sg,3,4,0.05919054150581362
data_P3_tanda_2.csv,LPMSB2-4B3322,Mano de Arco,AccZ (g)_sg,3,5,0.0855194330215452
data_P3_tanda_2.csv,LPMSB2-4B3322,Mano de Arco,AccZ (g)_sg,4,5,0.14470997452735904
data_P3_tanda_2.csv,LPMSB2-4B339F,Brazo,AccZ (g)_sg,1,2,0.002417523798259134
data_P3_tanda_2.csv,LPMSB2-4B339F,Brazo,AccZ (g)_sg,1,3,0.008169260843214557
data_P3_tanda_2.csv,LPMSB2-4B339F,Brazo,AccZ (g)_sg,1,4,0.025448119312808156
data_P3_tanda_2.csv,LPMSB2-4B339F,Brazo,AccZ (g)_sg,1,5,0.00584127652293429
data_P3_tanda_2.csv,LPMSB2-4B339F,Brazo,AccZ (g)_sg,2,3,0.007647582264830222
data_P3_tanda_2.csv,LPMSB2-4B339F,Brazo,AccZ (g)_sg,2,4,0.02532472705696167
data_P3_tanda_2.csv,LPMSB2-4B339F,Brazo,AccZ (g)_sg,2,5,0.006329556679364357
data_P3_tanda_2.csv,LPMSB2-4B339F,Brazo,AccZ (g)_sg,3,4,0.009137862211112785
data_P3_tanda_2.csv,LPMSB2-4B339F,Brazo,AccZ (g)_sg,3,5,0.01860320941719096
data_P3_tanda_2.csv,LPMSB2-4B339F,Brazo,AccZ (g)_sg,4,5,0.037798014607084436
data_P3_tanda_3.csv,LPMSB2-4B3285,Mano de Suelta,AccZ (g)_sg,1,2,0.06821670155774402
data_P3_tanda_3.csv,LPMSB2-4B3285,Mano de Suelta,AccZ (g)_sg,1,3,0.06146657692825001
data_P3_tanda_3.csv,LPMSB2-4B3285,Mano de Suelta,AccZ (g)_sg,1,4,0.06633588575172476
data_P3_tanda_3.csv,LPMSB2-4B3285,Mano de Suelta,AccZ (g)_sg,1,5,0.11970763204079618
data_P3_tanda_3.csv,LPMSB2-4B3285,Mano de Suelta,AccZ (g)_sg,2,3,0.04272840302208654
data_P3_tanda_3.csv,LPMSB2-4B3285,Mano de Suelta,AccZ (g)_sg,2,4,0.06587122981287086
data_P3_tanda_3.csv,LPMSB2-4B3285,Mano de Suelta,AccZ (g)_sg,2,5,0.06344596736188272
data_P3_tanda_3.csv,LPMSB2-4B3285,Mano de Suelta,AccZ (g)_sg,3,4,0.07104783043986909
data_P3_tanda_3.csv,LPMSB2-4B3285,Mano de Suelta,AccZ (g)_sg,3,5,0.058650816466915716
data_P3_tanda_3.csv,LPMSB2-4B3285,Mano de Suelta,AccZ (g)_sg,4,5,0.14011078929847764
data_P3_tanda_3.csv,LPMSB2-4B3322,Mano de Arco,AccZ (g)_sg,1,2,0.08688741922378541
data_P3_tanda_3.csv,LPMSB2-4B3322,Mano de Arco,AccZ (g)_sg,1,3,0.054007887840270705
data_P3_tanda_3.csv,LPMSB2-4B3322,Mano de Arco,AccZ (g)_sg,1,4,0.2170648276805877
data_P3_tanda_3.csv,LPMSB2-4B3322,Mano de Arco,AccZ (g)_sg,1,5,0.14466133713722196
data_P3_tanda_3.csv,LPMSB2-4B3322,Mano de Arco,AccZ (g)_sg,2,3,0.14089530706405629
data_P3_tanda_3.csv,LPMSB2-4B3322,Mano de Arco,AccZ (g)_sg,2,4,0.3039522469043733
data_P3_tanda_3.csv,LPMSB2-4B3322,Mano de Arco,AccZ (g)_sg,2,5,0.23154875636100777
data_P3_tanda_3.csv,LPMSB2-4B3322,Mano de Arco,AccZ (g)_sg,3,4,0.16305693984031688
data_P3_tanda_3.csv,LPMSB2-4B3322,Mano de Arco,AccZ (g)_sg,3,5,0.09065344929695134
data_P3_tanda_3.csv,LPMSB2-4B3322,Mano de Arco,AccZ (g)_sg,4,5,0.0724034905433655
data_P3_tanda_3.csv,LPMSB2-4B339F,Brazo,AccZ (g)_sg,1,2,0.010815670903744112
data_P3_tanda_3.csv,LPMSB2-4B339F,Brazo,AccZ (g)_sg,1,3,0.00955721356064435
data_P3_tanda_3.csv,LPMSB2-4B339F,Brazo,AccZ (g)_sg,1,4,0.04540320219457289
data_P3_tanda_3.csv,LPMSB2-4B339F,Brazo,AccZ (g)_sg,1,5,0.0377889116469558
data_P3_tanda_3.csv,LPMSB2-4B339F,Brazo,AccZ (g)_sg,2,3,0.029339343848111234
data_P3_tanda_3.csv,LPMSB2-4B339F,Brazo,AccZ (g)_sg,2,4,0.07762060282470666
data_P3_tanda_3.csv,LPMSB2-4B339F,Brazo,AccZ (g)_sg,2,5,0.07091220425792479
data_P3_tanda_3.csv,LPMSB2-4B339F,Brazo,AccZ (g)_sg,3,4,0.021848842793797004
data_P3_tanda_3.csv,LPMSB2-4B339F,Brazo,AccZ (g)_sg,3,5,0.01678595169285543
data_P3_tanda_3.csv,LPMSB2-4B339F,Brazo,AccZ (g)_sg,4,5,0.018339918816905644
data_P3_tanda_4.csv,LPMSB2-4B3285,Mano de Suelta,AccZ (g)_sg,1,2,0.10434069119955701
data_P3_tanda_4.csv,LPMSB2-4B3285,Mano de Suelta,AccZ (g)_sg,1,3,0.12513500295219002
data_P3_tanda_4.csv,LPMSB2-4B3285,Mano de Suelta,AccZ (g)_sg,1,4,0.09066381059977341
data_P3_tanda_4.csv,LPMSB2-4B3285,Mano de Suelta,AccZ (g)_sg,1,5,0.15521038120322503
data_P3_tanda_4.csv,LPMSB2-4B3285,Mano de Suelta,AccZ (g)_sg,2,3,0.04683829501144561
data_P3_tanda_4.csv,LPMSB2-4B3285,Mano de Suelta,AccZ (g)_sg,2,4,0.04437637503287104
data_P3_tanda_4.csv,LPMSB2-4B3285,Mano de Suelta,AccZ (g)_sg,2,5,0.12387737086269149
data_P3_tanda_4.csv,LPMSB2-4B3285,Mano de Suelta,AccZ (g)_sg,3,4,0.07812061625577325
data_P3_tanda_4.csv,LPMSB2-4B3285,Mano de Suelta,AccZ (g)_sg,3,5,0.10641233365801206
data_P3_tanda_4.csv,LPMSB2-4B3285,Mano de Suelta,AccZ (g)_sg,4,5,0.15276177064728028
data_P3_tanda_4.csv,LPMSB2-4B3322,Mano de Arco,AccZ (g)_sg,1,2,0.06703457236289913
data_P3_tanda_4.csv,LPMSB2-4B3322,Mano de Arco,AccZ (g)_sg,1,3,0.09725621342659
data_P3_tanda_4.csv,LPMSB2-4B3322,Mano de Arco,AccZ (g)_sg,1,4,0.2660027444362641
data_P3_tanda_4.csv,LPMSB2-4B3322,Mano de Arco,AccZ (g)_sg,1,5,0.06568700075149538
data_P3_tanda_4.csv,LPMSB2-4B3322,Mano de Arco,AccZ (g)_sg,2,3,0.16429078578948964
data_P3_tanda_4.csv,LPMSB2-4B3322,Mano de Arco,AccZ (g)_sg,2,4,0.333037316799164
data_P3_tanda_4.csv,LPMSB2-4B3322,Mano de Arco,AccZ (g)_sg,2,5,0.13272157311439514
data_P3_tanda_4.csv,LPMSB2-4B3322,Mano de Arco,AccZ (g)_sg,3,4,0.1687465310096741
data_P3_tanda_4.csv,LPMSB2-4B3322,Mano de Arco,AccZ (g)_sg,3,5,0.031569212675094445
data_P3_tanda_4.csv,LPMSB2-4B3322,Mano de Arco,AccZ (g)_sg,4,5,0.20031574368476876
data_P3_tanda_4.csv,LPMSB2-4B339F,Brazo,AccZ (g)_sg,1,2,0.00880906441342155
data_P3_tanda_4.csv,LPMSB2-4B339F,Brazo,AccZ (g)_sg,1,3,0.019235770249169996
data_P3_tanda_4.csv,LPMSB2-4B339F,Brazo,AccZ (g)_sg,1,4,0.0548307300905392
data_P3_tanda_4.csv,LPMSB2-4B339F,Brazo,AccZ (g)_sg,1,5,0.01397856911107875
data_P3_tanda_4.csv,LPMSB2-4B339F,Brazo,AccZ (g)_sg,2,3,0.04175939162964291
data_P3_tanda_4.csv,LPMSB2-4B339F,Brazo,AccZ (g)_sg,2,4,0.07481930837393679
data_P3_tanda_4.csv,LPMSB2-4B339F,Brazo,AccZ (g)_sg,2,5,0.027328438993166858
data_P3_tanda_4.csv,LPMSB2-4B339F,Brazo,AccZ (g)_sg,3,4,0.02266611381928975
data_P3_tanda_4.csv,LPMSB2-4B339F,Brazo,AccZ (g)_sg,3,5,0.005718730482304124
data_P3_tanda_4.csv,LPMSB2-4B339F,Brazo,AccZ (g)_sg,4,5,0.03039188021910841
data_P3_tanda_5.csv,LPMSB2-4B3285,Mano de Suelta,AccZ (g)_sg,1,2,0.17104535398723592
data_P3_tanda_5.csv,LPMSB2-4B3285,Mano de Suelta,AccZ (g)_sg,1,3,0.14594906884551595
data_P3_tanda_5.csv,LPMSB2-4B3285,Mano de Suelta,AccZ (g)_sg,1,4,0.14013455498244273
data_P3_tanda_5.csv,LPMSB2-4B3285,Mano de Suelta,AccZ (g)_sg,1,5,0.20974471264660566
data_P3_tanda_5.csv,LPMSB2-4B3285,Mano de Suelta,AccZ (g)_sg,2,3,0.10737032086859853
data_P3_tanda_5.csv,LPMSB2-4B3285,Mano de Suelta,AccZ (g)_sg,2,4,0.046497705374159766
data_P3_tanda_5.csv,LPMSB2-4B3285,Mano de Suelta,AccZ (g)_sg,2,5,0.12884299822308806
data_P3_tanda_5.csv,LPMSB2-4B3285,Mano de Suelta,AccZ (g)_sg,3,4,0.13035359532587165
data_P3_tanda_5.csv,LPMSB2-4B3285,Mano de Suelta,AccZ (g)_sg,3,5,0.18431602498040256
data_P3_tanda_5.csv,LPMSB2-4B3285,Mano de Suelta,AccZ (g)_sg,4,5,0.10295983336625711
data_P3_tanda_5.csv,LPMSB2-4B3322,Mano de Arco,AccZ (g)_sg,1,2,0.16914679110050201
data_P3_tanda_5.csv,LPMSB2-4B3322,Mano de Arco,AccZ (g)_sg,1,3,0.24625806510448456
data_P3_tanda_5.csv,LPMSB2-4B3322,Mano de Arco,AccZ (g)_sg,1,4,0.1722603291273117
data_P3_tanda_5.csv,LPMSB2-4B3322,Mano de Arco,AccZ (g)_sg,1,5,0.6702768951654434
data_P3_tanda_5.csv,LPMSB2-4B3322,Mano de Arco,AccZ (g)_sg,2,3,0.07711127400398257
data_P3_tanda_5.csv,LPMSB2-4B3322,Mano de Arco,AccZ (g)_sg,2,4,0.0031135380268096946
data_P3_tanda_5.csv,LPMSB2-4B3322,Mano de Arco,AccZ (g)_sg,2,5,0.5011301040649414
data_P3_tanda_5.csv,LPMSB2-4B3322,Mano de Arco,AccZ (g)_sg,3,4,0.07399773597717288
data_P3_tanda_5.csv,LPMSB2-4B3322,Mano de Arco,AccZ (g)_sg,3,5,0.42401883006095875
data_P3_tanda_5.csv,LPMSB2-4B3322,Mano de Arco,AccZ (g)_sg,4,5,0.4980165660381317
data_P3_tanda_5.csv,LPMSB2-4B339F,Brazo,AccZ (g)_sg,1,2,0.030084192856335512
data_P3_tanda_5.csv,LPMSB2-4B339F,Brazo,AccZ (g)_sg,1,3,0.04416799260157739
data_P3_tanda_5.csv,LPMSB2-4B339F,Brazo,AccZ (g)_sg,1,4,0.034811129286869864
data_P3_tanda_5.csv,LPMSB2-4B339F,Brazo,AccZ (g)_sg,1,5,0.0530713311563763
data_P3_tanda_5.csv,LPMSB2-4B339F,Brazo,AccZ (g)_sg,2,3,0.007916486484485149
data_P3_tanda_5.csv,LPMSB2-4B339F,Brazo,AccZ (g)_sg,2,4,0.0011647465559296783
data_P3_tanda_5.csv,LPMSB2-4B339F,Brazo,AccZ (g)_sg,2,5,0.04249039292161703
data_P3_tanda_5.csv,LPMSB2-4B339F,Brazo,AccZ (g)_sg,3,4,0.007904076872605489
data_P3_tanda_5.csv,LPMSB2-4B339F,Brazo,AccZ (g)_sg,3,5,0.04681958230351232
data_P3_tanda_5.csv,LPMSB2-4B339F,Brazo,AccZ (g)_sg,4,5,0.04111452576105783
data_P4_tanda_1.csv,LPMSB2-4B3285,Mano de Suelta,AccZ (g)_sg,1,2,3.0582938194274942
data_P4_tanda_1.csv,LPMSB2-4B3285,Mano de Suelta,AccZ (g)_sg,1,3,3.1837395429611246
data_P4_tanda_1.csv,LPMSB2-4B3285,Mano de Suelta,AccZ (g)_sg,1,4,3.0067757964134256
data_P4_tanda_1.csv,LPMSB2-4B3285,Mano de Suelta,AccZ (g)_sg,1,5,3.0349310636520426
data_P4_tanda_1.csv,LPMSB2-4B3285,Mano de Suelta,AccZ (g)_sg,2,3,0.12544572353363045
data_P4_tanda_1.csv,LPMSB2-4B3285,Mano de Suelta,AccZ (g)_sg,2,4,0.051518023014068624
data_P4_tanda_1.csv,LPMSB2-4B3285,Mano de Suelta,AccZ (g)_sg,2,5,0.023362755775451674
data_P4_tanda_1.csv,LPMSB2-4B3285,Mano de Suelta,AccZ (g)_sg,3,4,0.17696374654769909
data_P4_tanda_1.csv,LPMSB2-4B3285,Mano de Suelta,AccZ (g)_sg,3,5,0.14880847930908211
data_P4_tanda_1.csv,LPMSB2-4B3285,Mano de Suelta,AccZ (g)_sg,4,5,0.028155267238616954
data_P4_tanda_1.csv,LPMSB2-4B3322,Mano de Arco,AccZ (g)_sg,1,2,0.06604926587067572
data_P4_tanda_1.csv,LPMSB2-4B3322,Mano de Arco,AccZ (g)_sg,1,3,0.017168271015154005
data_P4_tanda_1.csv,LPMSB2-4B3322,Mano de Arco,AccZ (g)_sg,1,4,0.016172749642456193
data_P4_tanda_1.csv,LPMSB2-4B3322,Mano de Arco,AccZ (g)_sg,1,5,0.030654498505926785
data_P4_tanda_1.csv,LPMSB2-4B3322,Mano de Arco,AccZ (g)_sg,2,3,0.04376992840762543
data_P4_tanda_1.csv,LPMSB2-4B3322,Mano de Arco,AccZ (g)_sg,2,4,0.06617796039302906
data_P4_tanda_1.csv,LPMSB2-4B3322,Mano de Arco,AccZ (g)_sg,2,5,0.09897819449236864
data_P4_tanda_1.csv,LPMSB2-4B3322,Mano de Arco,AccZ (g)_sg,3,4,0.02112126013523132
data_P4_tanda_1.csv,LPMSB2-4B3322,Mano de Arco,AccZ (g)_sg,3,5,0.0735517801755889
data_P4_tanda_1.csv,LPMSB2-4B3322,Mano de Arco,AccZ (g)_sg,4,5,0.022676063305776623
data_P4_tanda_1.csv,LPMSB2-4B339F,Brazo,AccZ (g)_sg,1,2,0.04020274664656737
data_P4_tanda_1.csv,LPMSB2-4B339F,Brazo,AccZ (g)_sg,1,3,0.05290290635817081
data_P4_tanda_1.csv,LPMSB2-4B339F,Brazo,AccZ (g)_sg,1,4,0.04247594483035355
data_P4_tanda_1.csv,LPMSB2-4B339F,Brazo,AccZ (g)_sg,1,5,0.07721623144794626
data_P4_tanda_1.csv,LPMSB2-4B339F,Brazo,AccZ (g)_sg,2,3,0.06348759122974458
data_P4_tanda_1.csv,LPMSB2-4B339F,Brazo,AccZ (g)_sg,2,4,0.062008580335743003
data_P4_tanda_1.csv,LPMSB2-4B339F,Brazo,AccZ (g)_sg,2,5,0.10570149277245397
data_P4_tanda_1.csv,LPMSB2-4B339F,Brazo,AccZ (g)_sg,3,4,0.04399577632649503
data_P4_tanda_1.csv,LPMSB2-4B339F,Brazo,AccZ (g)_sg,3,5,0.04117066071778006
data_P4_tanda_1.csv,LPMSB2-4B339F,Brazo,AccZ (g)_sg,4,5,0.03437933476738966
data_P4_tanda_2.csv,LPMSB2-4B3285,Mano de Suelta,AccZ (g)_sg,1,2,0.05987073298698884
data_P4_tanda_2.csv,LPMSB2-4B3285,Mano de Suelta,AccZ (g)_sg,1,3,0.12874629467388365
data_P4_tanda_2.csv,LPMSB2-4B3285,Mano de Suelta,AccZ (g)_sg,2,3,0.12183897811743233
data_P4_tanda_2.csv,LPMSB2-4B3322,Mano de Arco,AccZ (g)_sg,1,2,0.04781187344762534
data_P4_tanda_2.csv,LPMSB2-4B3322,Mano de Arco,AccZ (g)_sg,1,3,0.03499836293791866
data_P4_tanda_2.csv,LPMSB2-4B3322,Mano de Arco,AccZ (g)_sg,2,3,0.04801170733248898
data_P4_tanda_2.csv,LPMSB2-4B339F,Brazo,AccZ (g)_sg,1,2,0.03604096692337876
data_P4_tanda_2.csv,LPMSB2-4B339F,Brazo,AccZ (g)_sg,1,3,0.04349439561501052
data_P4_tanda_2.csv,LPMSB2-4B339F,Brazo,AccZ (g)_sg,2,3,0.021723140798610416
data_P4_tanda_3.csv,LPMSB2-4B3322,Mano de Arco,AccZ (g)_sg,1,2,0.0358194559812546
data_P4_tanda_3.csv,LPMSB2-4B3322,Mano de Arco,AccZ (g)_sg,1,3,0.09356738626956955
data_P4_tanda_3.csv,LPMSB2-4B3322,Mano de Arco,AccZ (g)_sg,1,4,0.02497507631778707
data_P4_tanda_3.csv,LPMSB2-4B3322,Mano de Arco,AccZ (g)_sg,1,5,0.007044777274131609
data_P4_tanda_3.csv,LPMSB2-4B3322,Mano de Arco,AccZ (g)_sg,2,3,0.05774793028831489
data_P4_tanda_3.csv,LPMSB2-4B3322,Mano de Arco,AccZ (g)_sg,2,4,0.06079453229904165
data_P4_tanda_3.csv,LPMSB2-4B3322,Mano de Arco,AccZ (g)_sg,2,5,0.04286423325538616
data_P4_tanda_3.csv,LPMSB2-4B3322,Mano de Arco,AccZ (g)_sg,3,4,0.1185424625873565
data_P4_tanda_3.csv,LPMSB2-4B3322,Mano de Arco,AccZ (g)_sg,3,5,0.10061216354370103
data_P4_tanda_3.csv,LPMSB2-4B3322,Mano de Arco,AccZ (g)_sg,4,5,0.017930299043655406
data_P4_tanda_3.csv,LPMSB2-4B339F,Brazo,AccZ (g)_sg,1,2,0.039757268661135256
data_P4_tanda_3.csv,LPMSB2-4B339F,Brazo,AccZ (g)_sg,1,3,0.11163526526325608
data_P4_tanda_3.csv,LPMSB2-4B339F,Brazo,AccZ (g)_sg,1,4,0.13218621927872692
data_P4_tanda_3.csv,LPMSB2-4B339F,Brazo,AccZ (g)_sg,1,5,0.09389919125160039
data_P4_tanda_3.csv,LPMSB2-4B339F,Brazo,AccZ (g)_sg,2,3,0.07416651638987878
data_P4_tanda_3.csv,LPMSB2-4B339F,Brazo,AccZ (g)_sg,2,4,0.07974555521589143
data_P4_tanda_3.csv,LPMSB2-4B339F,Brazo,AccZ (g)_sg,2,5,0.08305028153263276
data_P4_tanda_3.csv,LPMSB2-4B339F,Brazo,AccZ (g)_sg,3,4,0.026294155988139646
data_P4_tanda_3.csv,LPMSB2-4B339F,Brazo,AccZ (g)_sg,3,5,0.01722759911862653
data_P4_tanda_3.csv,LPMSB2-4B339F,Brazo,AccZ (g)_sg,4,5,0.013818295514146083
data_P4_tanda_3.csv,LPMSB2-4B3285,Mano de Suelta,AccZ (g)_sg,1,2,0.009696246086329357
data_P4_tanda_3.csv,LPMSB2-4B3285,Mano de Suelta,AccZ (g)_sg,1,3,0.023332300749727995
data_P4_tanda_3.csv,LPMSB2-4B3285,Mano de Suelta,AccZ (g)_sg,1,4,0.029050644971394052
data_P4_tanda_3.csv,LPMSB2-4B3285,Mano de Suelta,AccZ (g)_sg,1,5,0.015059317376949266
data_P4_tanda_3.csv,LPMSB2-4B3285,Mano de Suelta,AccZ (g)_sg,2,3,0.017061380616351502
data_P4_tanda_3.csv,LPMSB2-4B3285,Mano de Suelta,AccZ (g)_sg,2,4,0.01858017917529409
data_P4_tanda_3.csv,LPMSB2-4B3285,Mano de Suelta,AccZ (g)_sg,2,5,0.009813572531585716
data_P4_tanda_3.csv,LPMSB2-4B3285,Mano de Suelta,AccZ (g)_sg,3,4,0.051624366324698585
data_P4_tanda_3.csv,LPMSB2-4B3285,Mano de Suelta,AccZ (g)_sg,3,5,0.03559318365539828
data_P4_tanda_3.csv,LPMSB2-4B3285,Mano de Suelta,AccZ (g)_sg,4,5,0.0050108896566973555
data_P4_tanda_4.csv,LPMSB2-4B3285,Mano de Suelta,AccZ (g)_sg,1,2,0.12520241737365734
data_P4_tanda_4.csv,LPMSB2-4B3285,Mano de Suelta,AccZ (g)_sg,1,3,0.0505698323249817
data_P4_tanda_4.csv,LPMSB2-4B3285,Mano de Suelta,AccZ (g)_sg,1,4,0.03153312206268251
data_P4_tanda_4.csv,LPMSB2-4B3285,Mano de Suelta,AccZ (g)_sg,1,5,0.011563837528228486
data_P4_tanda_4.csv,LPMSB2-4B3285,Mano de Suelta,AccZ (g)_sg,2,3,0.07463258504867558
data_P4_tanda_4.csv,LPMSB2-4B3285,Mano de Suelta,AccZ (g)_sg,2,4,0.09366929531097423
data_P4_tanda_4.csv,LPMSB2-4B3285,Mano de Suelta,AccZ (g)_sg,2,5,0.11363857984542855
data_P4_tanda_4.csv,LPMSB2-4B3285,Mano de Suelta,AccZ (g)_sg,3,4,0.019036710262298594
data_P4_tanda_4.csv,LPMSB2-4B3285,Mano de Suelta,AccZ (g)_sg,3,5,0.03900599479675294
data_P4_tanda_4.csv,LPMSB2-4B3285,Mano de Suelta,AccZ (g)_sg,4,5,0.01996928453445399
data_P4_tanda_4.csv,LPMSB2-4B3322,Mano de Arco,AccZ (g)_sg,1,2,0.177478335797787
data_P4_tanda_4.csv,LPMSB2-4B3322,Mano de Arco,AccZ (g)_sg,1,3,0.18119225651025797
data_P4_tanda_4.csv,LPMSB2-4B3322,Mano de Arco,AccZ (g)_sg,1,4,0.1820354461669922
data_P4_tanda_4.csv,LPMSB2-4B3322,Mano de Arco,AccZ (g)_sg,1,5,0.12467525899410246
data_P4_tanda_4.csv,LPMSB2-4B3322,Mano de Arco,AccZ (g)_sg,2,3,0.0037139207124709307
data_P4_tanda_4.csv,LPMSB2-4B3322,Mano de Arco,AccZ (g)_sg,2,4,0.0045571103692053265
data_P4_tanda_4.csv,LPMSB2-4B3322,Mano de Arco,AccZ (g)_sg,2,5,0.0528030768036843
data_P4_tanda_4.csv,LPMSB2-4B3322,Mano de Arco,AccZ (g)_sg,3,4,0.0008431896567343499
data_P4_tanda_4.csv,LPMSB2-4B3322,Mano de Arco,AccZ (g)_sg,3,5,0.0565169975161553
data_P4_tanda_4.csv,LPMSB2-4B3322,Mano de Arco,AccZ (g)_sg,4,5,0.05736018717288969
data_P4_tanda_4.csv,LPMSB2-4B339F,Brazo,AccZ (g)_sg,1,2,0.04385875330336999
data_P4_tanda_4.csv,LPMSB2-4B339F,Brazo,AccZ (g)_sg,1,3,0.031720498788185225
data_P4_tanda_4.csv,LPMSB2-4B339F,Brazo,AccZ (g)_sg,1,4,0.02703115178621836
data_P4_tanda_4.csv,LPMSB2-4B339F,Brazo,AccZ (g)_sg,1,5,0.026777749414260563
data_P4_tanda_4.csv,LPMSB2-4B339F,Brazo,AccZ (g)_sg,2,3,0.02017476385894658
data_P4_tanda_4.csv,LPMSB2-4B339F,Brazo,AccZ (g)_sg,2,4,0.031326935447335426
data_P4_tanda_4.csv,LPMSB2-4B339F,Brazo,AccZ (g)_sg,2,5,0.0375026593157883
data_P4_tanda_4.csv,LPMSB2-4B339F,Brazo,AccZ (g)_sg,3,4,0.020073372265530673
data_P4_tanda_4.csv,LPMSB2-4B339F,Brazo,AccZ (g)_sg,3,5,0.02055166078721316
data_P4_tanda_4.csv,LPMSB2-4B339F,Brazo,AccZ (g)_sg,4,5,0.011231596418813505
data_P4_tanda_5.csv,LPMSB2-4B3285,Mano de Suelta,AccZ (g)_sg,1,2,0.6867125481367112
data_P4_tanda_5.csv,LPMSB2-4B3285,Mano de Suelta,AccZ (g)_sg,1,3,0.7913052290678027
data_P4_tanda_5.csv,LPMSB2-4B3285,Mano de Suelta,AccZ (g)_sg,1,4,0.7639106363058091
data_P4_tanda_5.csv,LPMSB2-4B3285,Mano de Suelta,AccZ (g)_sg,1,5,0.8581490963697437
data_P4_tanda_5.csv,LPMSB2-4B3285,Mano de Suelta,AccZ (g)_sg,2,3,0.1045926809310914
data_P4_tanda_5.csv,LPMSB2-4B3285,Mano de Suelta,AccZ (g)_sg,2,4,0.07719808816909794
data_P4_tanda_5.csv,LPMSB2-4B3285,Mano de Suelta,AccZ (g)_sg,2,5,0.1714365482330323
data_P4_tanda_5.csv,LPMSB2-4B3285,Mano de Suelta,AccZ (g)_sg,3,4,0.02739459276199344
data_P4_tanda_5.csv,LPMSB2-4B3285,Mano de Suelta,AccZ (g)_sg,3,5,0.06684386730194096
data_P4_tanda_5.csv,LPMSB2-4B3285,Mano de Suelta,AccZ (g)_sg,4,5,0.09423846006393442
data_P4_tanda_5.csv,LPMSB2-4B3322,Mano de Arco,AccZ (g)_sg,1,2,0.12992165982723244
data_P4_tanda_5.csv,LPMSB2-4B3322,Mano de Arco,AccZ (g)_sg,1,3,0.13196010887622842
data_P4_tanda_5.csv,LPMSB2-4B3322,Mano de Arco,AccZ (g)_sg,1,4,0.05638548731803898
data_P4_tanda_5.csv,LPMSB2-4B3322,Mano de Arco,AccZ (g)_sg,1,5,0.048070132732391406
data_P4_tanda_5.csv,LPMSB2-4B3322,Mano de Arco,AccZ (g)_sg,2,3,0.0020384490489958563
data_P4_tanda_5.csv,LPMSB2-4B3322,Mano de Arco,AccZ (g)_sg,2,4,0.07353617250919359
data_P4_tanda_5.csv,LPMSB2-4B3322,Mano de Arco,AccZ (g)_sg,2,5,0.08185152709484105
data_P4_tanda_5.csv,LPMSB2-4B3322,Mano de Arco,AccZ (g)_sg,3,4,0.07557462155818936
data_P4_tanda_5.csv,LPMSB2-4B3322,Mano de Arco,AccZ (g)_sg,3,5,0.08388997614383702
data_P4_tanda_5.csv,LPMSB2-4B3322,Mano de Arco,AccZ (g)_sg,4,5,0.00831535458564758
data_P4_tanda_5.csv,LPMSB2-4B339F,Brazo,AccZ (g)_sg,1,2,0.035413160021653095
data_P4_tanda_5.csv,LPMSB2-4B339F,Brazo,AccZ (g)_sg,1,3,0.04065518637222624
data_P4_tanda_5.csv,LPMSB2-4B339F,Brazo,AccZ (g)_sg,1,4,0.0377666585603394
data_P4_tanda_5.csv,LPMSB2-4B339F,Brazo,AccZ (g)_sg,1,5,0.04495775141124776
data_P4_tanda_5.csv,LPMSB2-4B339F,Brazo,AccZ (g)_sg,2,3,0.014607363018238987
data_P4_tanda_5.csv,LPMSB2-4B339F,Brazo,AccZ (g)_sg,2,4,0.019068437824014146
data_P4_tanda_5.csv,LPMSB2-4B339F,Brazo,AccZ (g)_sg,2,5,0.035567809119424615
data_P4_tanda_5.csv,LPMSB2-4B339F,Brazo,AccZ (g)_sg,3,4,0.01266680559079877
data_P4_tanda_5.csv,LPMSB2-4B339F,Brazo,AccZ (g)_sg,3,5,0.03173281862984126
data_P4_tanda_5.csv,LPMSB2-4B339F,Brazo,AccZ (g)_sg,4,5,0.029714022070567954
data_P6_tanda_1.csv,LPMSB2-4B3285,Mano de Suelta,AccZ (g)_sg,1,2,0.2538029516534381
data_P6_tanda_1.csv,LPMSB2-4B3285,Mano de Suelta,AccZ (g)_sg,1,3,0.17073369609712413
data_P6_tanda_1.csv,LPMSB2-4B3285,Mano de Suelta,AccZ (g)_sg,2,3,0.02981072104673896
data_P6_tanda_1.csv,LPMSB2-4B3322,Mano de Arco,AccZ (g)_sg,1,2,0.05857677425116795
data_P6_tanda_1.csv,LPMSB2-4B3322,Mano de Arco,AccZ (g)_sg,1,3,0.07174963866857956
data_P6_tanda_1.csv,LPMSB2-4B3322,Mano de Arco,AccZ (g)_sg,2,3,0.032117740327606094
data_P6_tanda_1.csv,LPMSB2-4B339F,Brazo,AccZ (g)_sg,1,2,0.09711651895782439
data_P6_tanda_1.csv,LPMSB2-4B339F,Brazo,AccZ (g)_sg,1,3,0.10900417211661144
data_P6_tanda_1.csv,LPMSB2-4B339F,Brazo,AccZ (g)_sg,2,3,0.04049919175300508
data_P6_tanda_2.csv,LPMSB2-4B3285,Mano de Suelta,AccZ (g)_sg,1,2,0.04357509647572505
data_P6_tanda_2.csv,LPMSB2-4B3285,Mano de Suelta,AccZ (g)_sg,1,3,0.07101926003857018
data_P6_tanda_2.csv,LPMSB2-4B3285,Mano de Suelta,AccZ (g)_sg,1,4,0.2104053807739057
data_P6_tanda_2.csv,LPMSB2-4B3285,Mano de Suelta,AccZ (g)_sg,1,5,0.1388596368295268
data_P6_tanda_2.csv,LPMSB2-4B3285,Mano de Suelta,AccZ (g)_sg,2,3,0.052737744638673145
data_P6_tanda_2.csv,LPMSB2-4B3285,Mano de Suelta,AccZ (g)_sg,2,4,0.12378640074222302
data_P6_tanda_2.csv,LPMSB2-4B3285,Mano de Suelta,AccZ (g)_sg,2,5,0.10867773836142935
data_P6_tanda_2.csv,LPMSB2-4B3285,Mano de Suelta,AccZ (g)_sg,3,4,0.09101628573603167
data_P6_tanda_2.csv,LPMSB2-4B3285,Mano de Suelta,AccZ (g)_sg,3,5,0.10241620179349852
data_P6_tanda_2.csv,LPMSB2-4B3285,Mano de Suelta,AccZ (g)_sg,4,5,0.06265693854950455
data_P6_tanda_2.csv,LPMSB2-4B3322,Mano de Arco,AccZ (g)_sg,1,2,0.03580541083345583
data_P6_tanda_2.csv,LPMSB2-4B3322,Mano de Arco,AccZ (g)_sg,1,3,0.019818714547802752
data_P6_tanda_2.csv,LPMSB2-4B3322,Mano de Arco,AccZ (g)_sg,1,4,0.026214230863774036
data_P6_tanda_2.csv,LPMSB2-4B3322,Mano de Arco,AccZ (g)_sg,1,5,0.04354931728195524
data_P6_tanda_2.csv,LPMSB2-4B3322,Mano de Arco,AccZ (g)_sg,2,3,0.020549886816735648
data_P6_tanda_2.csv,LPMSB2-4B3322,Mano de Arco,AccZ (g)_sg,2,4,0.013894635798463926
data_P6_tanda_2.csv,LPMSB2-4B3322,Mano de Arco,AccZ (g)_sg,2,5,0.056978655944969106
data_P6_tanda_2.csv,LPMSB2-4B3322,Mano de Arco,AccZ (g)_sg,3,4,0.01681599064010946
data_P6_tanda_2.csv,LPMSB2-4B3322,Mano de Arco,AccZ (g)_sg,3,5,0.051754813782396776
data_P6_tanda_2.csv,LPMSB2-4B3322,Mano de Arco,AccZ (g)_sg,4,5,0.050240450250627434
data_P6_tanda_2.csv,LPMSB2-4B339F,Brazo,AccZ (g)_sg,1,2,0.08994627028452451
data_P6_tanda_2.csv,LPMSB2-4B339F,Brazo,AccZ (g)_sg,1,3,0.10887120036040752
data_P6_tanda_2.csv,LPMSB2-4B339F,Brazo,AccZ (g)_sg,1,4,0.11324804608701373
data_P6_tanda_2.csv,LPMSB2-4B339F,Brazo,AccZ (g)_sg,1,5,0.06046411176895493
data_P6_tanda_2.csv,LPMSB2-4B339F,Brazo,AccZ (g)_sg,2,3,0.11167451279866449
data_P6_tanda_2.csv,LPMSB2-4B339F,Brazo,AccZ (g)_sg,2,4,0.06276664722379345
data_P6_tanda_2.csv,LPMSB2-4B339F,Brazo,AccZ (g)_sg,2,5,0.05226518144843733
data_P6_tanda_2.csv,LPMSB2-4B339F,Brazo,AccZ (g)_sg,3,4,0.18082639682230492
data_P6_tanda_2.csv,LPMSB2-4B339F,Brazo,AccZ (g)_sg,3,5,0.1027300203434742
data_P6_tanda_2.csv,LPMSB2-4B339F,Brazo,AccZ (g)_sg,4,5,0.07855132157146909
data_P6_tanda_3.csv,LPMSB2-4B3285,Mano de Suelta,AccZ (g)_sg,1,2,0.1488980422452872
data_P6_tanda_3.csv,LPMSB2-4B3285,Mano de Suelta,AccZ (g)_sg,1,3,0.08270744895225804
data_P6_tanda_3.csv,LPMSB2-4B3285,Mano de Suelta,AccZ (g)_sg,1,4,0.10172585848818302
data_P6_tanda_3.csv,LPMSB2-4B3285,Mano de Suelta,AccZ (g)_sg,1,5,0.08519008104857728
data_P6_tanda_3.csv,LPMSB2-4B3285,Mano de Suelta,AccZ (g)_sg,2,3,0.27943886529449785
data_P6_tanda_3.csv,LPMSB2-4B3285,Mano de Suelta,AccZ (g)_sg,2,4,0.10165056224691364
data_P6_tanda_3.csv,LPMSB2-4B3285,Mano de Suelta,AccZ (g)_sg,2,5,0.17326255851074635
data_P6_tanda_3.csv,LPMSB2-4B3285,Mano de Suelta,AccZ (g)_sg,3,4,0.27140135018498085
data_P6_tanda_3.csv,LPMSB2-4B3285,Mano de Suelta,AccZ (g)_sg,3,5,0.07727991190095983
data_P6_tanda_3.csv,LPMSB2-4B3285,Mano de Suelta,AccZ (g)_sg,4,5,0.18135435963912247
data_P6_tanda_3.csv,LPMSB2-4B3322,Mano de Arco,AccZ (g)_sg,1,2,0.14901824219175228
data_P6_tanda_3.csv,LPMSB2-4B3322,Mano de Arco,AccZ (g)_sg,1,3,0.10498540343317726
data_P6_tanda_3.csv,LPMSB2-4B3322,Mano de Arco,AccZ (g)_sg,1,4,0.11678680629560374
data_P6_tanda_3.csv,LPMSB2-4B3322,Mano de Arco,AccZ (g)_sg,1,5,0.11993108393272958
data_P6_tanda_3.csv,LPMSB2-4B3322,Mano de Arco,AccZ (g)_sg,2,3,0.07700270104910598
data_P6_tanda_3.csv,LPMSB2-4B3322,Mano de Arco,AccZ (g)_sg,2,4,0.05583533372398478
data_P6_tanda_3.csv,LPMSB2-4B3322,Mano de Arco,AccZ (g)_sg,2,5,0.09293894237337755
data_P6_tanda_3.csv,LPMSB2-4B3322,Mano de Arco,AccZ (g)_sg,3,4,0.04574484778774487
data_P6_tanda_3.csv,LPMSB2-4B3322,Mano de Arco,AccZ (g)_sg,3,5,0.024865900625373524
data_P6_tanda_3.csv,LPMSB2-4B3322,Mano de Arco,AccZ (g)_sg,4,5,0.06414677372203845
data_P6_tanda_3.csv,LPMSB2-4B339F,Brazo,AccZ (g)_sg,1,2,0.06305392965207861
data_P6_tanda_3.csv,LPMSB2-4B339F,Brazo,AccZ (g)_sg,1,3,0.10872252776044433
data_P6_tanda_3.csv,LPMSB2-4B339F,Brazo,AccZ (g)_sg,1,4,0.10531298852674106
data_P6_tanda_3.csv,LPMSB2-4B339F,Brazo,AccZ (g)_sg,1,5,0.05037977788485779
data_P6_tanda_3.csv,LPMSB2-4B339F,Brazo,AccZ (g)_sg,2,3,0.12690045474025308
data_P6_tanda_3.csv,LPMSB2-4B339F,Brazo,AccZ (g)_sg,2,4,0.06774487300120237
data_P6_tanda_3.csv,LPMSB2-4B339F,Brazo,AccZ (g)_sg,2,5,0.07044744315230612
data_P6_tanda_3.csv,LPMSB2-4B339F,Brazo,AccZ (g)_sg,3,4,0.1919006185678921
data_P6_tanda_3.csv,LPMSB2-4B339F,Brazo,AccZ (g)_sg,3,5,0.0576834698860356
data_P6_tanda_3.csv,LPMSB2-4B339F,Brazo,AccZ (g)_sg,4,5,0.14749075238141618
data_P6_tanda_4.csv,LPMSB2-4B3285,Mano de Suelta,AccZ (g)_sg,1,2,0.10098607150711299
data_P6_tanda_4.csv,LPMSB2-4B3285,Mano de Suelta,AccZ (g)_sg,1,3,0.07664043914337128
data_P6_tanda_4.csv,LPMSB2-4B3285,Mano de Suelta,AccZ (g)_sg,1,4,0.15426600253491052
data_P6_tanda_4.csv,LPMSB2-4B3285,Mano de Suelta,AccZ (g)_sg,1,5,0.19796940553643863
data_P6_tanda_4.csv,LPMSB2-4B3285,Mano de Suelta,AccZ (g)_sg,2,3,0.06205684665265982
data_P6_tanda_4.csv,LPMSB2-4B3285,Mano de Suelta,AccZ (g)_sg,2,4,0.19905142966932018
data_P6_tanda_4.csv,LPMSB2-4B3285,Mano de Suelta,AccZ (g)_sg,2,5,0.36047541995787463
data_P6_tanda_4.csv,LPMSB2-4B3285,Mano de Suelta,AccZ (g)_sg,3,4,0.21154086178892004
data_P6_tanda_4.csv,LPMSB2-4B3285,Mano de Suelta,AccZ (g)_sg,3,5,0.3247043037715342
data_P6_tanda_4.csv,LPMSB2-4B3285,Mano de Suelta,AccZ (g)_sg,4,5,0.07406660377801427
data_P6_tanda_4.csv,LPMSB2-4B3322,Mano de Arco,AccZ (g)_sg,1,2,0.017960398798153598
data_P6_tanda_4.csv,LPMSB2-4B3322,Mano de Arco,AccZ (g)_sg,1,3,0.02037875325964172
data_P6_tanda_4.csv,LPMSB2-4B3322,Mano de Arco,AccZ (g)_sg,1,4,0.012027721573610426
data_P6_tanda_4.csv,LPMSB2-4B3322,Mano de Arco,AccZ (g)_sg,1,5,0.030883924177796295
data_P6_tanda_4.csv,LPMSB2-4B3322,Mano de Arco,AccZ (g)_sg,2,3,0.02541916517935261
data_P6_tanda_4.csv,LPMSB2-4B3322,Mano de Arco,AccZ (g)_sg,2,4,0.018960692465906905
data_P6_tanda_4.csv,LPMSB2-4B3322,Mano de Arco,AccZ (g)_sg,2,5,0.03943991748819676
data_P6_tanda_4.csv,LPMSB2-4B3322,Mano de Arco,AccZ (g)_sg,3,4,0.02348261592551082
data_P6_tanda_4.csv,LPMSB2-4B3322,Mano de Arco,AccZ (g)_sg,3,5,0.02433163993845205
data_P6_tanda_4.csv,LPMSB2-4B3322,Mano de Arco,AccZ (g)_sg,4,5,0.025390192862908657
data_P6_tanda_4.csv,LPMSB2-4B339F,Brazo,AccZ (g)_sg,1,2,0.006620627701012818
data_P6_tanda_4.csv,LPMSB2-4B339F,Brazo,AccZ (g)_sg,1,3,0.021733723280358736
data_P6_tanda_4.csv,LPMSB2-4B339F,Brazo,AccZ (g)_sg,1,4,0.13073966842190907
data_P6_tanda_4.csv,LPMSB2-4B339F,Brazo,AccZ (g)_sg,1,5,0.09588872682459035
data_P6_tanda_4.csv,LPMSB2-4B339F,Brazo,AccZ (g)_sg,2,3,0.019401782372704332
data_P6_tanda_4.csv,LPMSB2-4B339F,Brazo,AccZ (g)_sg,2,4,0.12610026218949877
data_P6_tanda_4.csv,LPMSB2-4B339F,Brazo,AccZ (g)_sg,2,5,0.09913978333638983
data_P6_tanda_4.csv,LPMSB2-4B339F,Brazo,AccZ (g)_sg,3,4,0.08566268209769676
data_P6_tanda_4.csv,LPMSB2-4B339F,Brazo,AccZ (g)_sg,3,5,0.04988228374577128
data_P6_tanda_4.csv,LPMSB2-4B339F,Brazo,AccZ (g)_sg,4,5,0.03363807876795578
data_P6_tanda_5.csv,LPMSB2-4B3285,Mano de Suelta,AccZ (g)_sg,1,2,0.05705549105694664
data_P6_tanda_5.csv,LPMSB2-4B3285,Mano de Suelta,AccZ (g)_sg,1,3,0.08052993777773054
data_P6_tanda_5.csv,LPMSB2-4B3285,Mano de Suelta,AccZ (g)_sg,1,4,0.09997368864653246
data_P6_tanda_5.csv,LPMSB2-4B3285,Mano de Suelta,AccZ (g)_sg,1,5,0.10788028614632648
data_P6_tanda_5.csv,LPMSB2-4B3285,Mano de Suelta,AccZ (g)_sg,2,3,0.043836549191451454
data_P6_tanda_5.csv,LPMSB2-4B3285,Mano de Suelta,AccZ (g)_sg,2,4,0.11325247696227556
data_P6_tanda_5.csv,LPMSB2-4B3285,Mano de Suelta,AccZ (g)_sg,2,5,0.08830620388913613
data_P6_tanda_5.csv,LPMSB2-4B3285,Mano de Suelta,AccZ (g)_sg,3,4,0.08230600205401423
data_P6_tanda_5.csv,LPMSB2-4B3285,Mano de Suelta,AccZ (g)_sg,3,5,0.1244622217537525
data_P6_tanda_5.csv,LPMSB2-4B3285,Mano de Suelta,AccZ (g)_sg,4,5,0.102137840201063
data_P6_tanda_5.csv,LPMSB2-4B3322,Mano de Arco,AccZ (g)_sg,1,2,0.049130539633275634
data_P6_tanda_5.csv,LPMSB2-4B3322,Mano de Arco,AccZ (g)_sg,1,3,0.059801484137926665
data_P6_tanda_5.csv,LPMSB2-4B3322,Mano de Arco,AccZ (g)_sg,1,4,0.044158288308306835
data_P6_tanda_5.csv,LPMSB2-4B3322,Mano de Arco,AccZ (g)_sg,1,5,0.02601732129951992
data_P6_tanda_5.csv,LPMSB2-4B3322,Mano de Arco,AccZ (g)_sg,2,3,0.0199894336098688
data_P6_tanda_5.csv,LPMSB2-4B3322,Mano de Arco,AccZ (g)_sg,2,4,0.03893523556286364
data_P6_tanda_5.csv,LPMSB2-4B3322,Mano de Arco,AccZ (g)_sg,2,5,0.05619198056805168
data_P6_tanda_5.csv,LPMSB2-4B3322,Mano de Arco,AccZ (g)_sg,3,4,0.05805636343863418
data_P6_tanda_5.csv,LPMSB2-4B3322,Mano de Arco,AccZ (g)_sg,3,5,0.0688347943701436
data_P6_tanda_5.csv,LPMSB2-4B3322,Mano de Arco,AccZ (g)_sg,4,5,0.05411300010218213
data_P6_tanda_5.csv,LPMSB2-4B339F,Brazo,AccZ (g)_sg,1,2,0.09397566951322096
data_P6_tanda_5.csv,LPMSB2-4B339F,Brazo,AccZ (g)_sg,1,3,0.0376956389876006
data_P6_tanda_5.csv,LPMSB2-4B339F,Brazo,AccZ (g)_sg,1,4,0.04495365715657627
data_P6_tanda_5.csv,LPMSB2-4B339F,Brazo,AccZ (g)_sg,1,5,0.06427853116087476
data_P6_tanda_5.csv,LPMSB2-4B339F,Brazo,AccZ (g)_sg,2,3,0.060532206454986734
data_P6_tanda_5.csv,LPMSB2-4B339F,Brazo,AccZ (g)_sg,2,4,0.1072108060890725
data_P6_tanda_5.csv,LPMSB2-4B339F,Brazo,AccZ (g)_sg,2,5,0.1345532266243277
data_P6_tanda_5.csv,LPMSB2-4B339F,Brazo,AccZ (g)_sg,3,4,0.06415459576939009
data_P6_tanda_5.csv,LPMSB2-4B339F,Brazo,AccZ (g)_sg,3,5,0.09572339072772468
data_P6_tanda_5.csv,LPMSB2-4B339F,Brazo,AccZ (g)_sg,4,5,0.043647307135931776
data_P7_tanda_1.csv,LPMSB2-4B3285,Mano de Suelta,AccZ (g)_sg,1,2,0.11905760644955277
data_P7_tanda_1.csv,LPMSB2-4B3285,Mano de Suelta,AccZ (g)_sg,1,3,0.052886275983809565
data_P7_tanda_1.csv,LPMSB2-4B3285,Mano de Suelta,AccZ (g)_sg,1,4,0.06820830184784729
data_P7_tanda_1.csv,LPMSB2-4B3285,Mano de Suelta,AccZ (g)_sg,1,5,0.09632454884680586
data_P7_tanda_1.csv,LPMSB2-4B3285,Mano de Suelta,AccZ (g)_sg,2,3,0.1586611966543465
data_P7_tanda_1.csv,LPMSB2-4B3285,Mano de Suelta,AccZ (g)_sg,2,4,0.14915604433097565
data_P7_tanda_1.csv,LPMSB2-4B3285,Mano de Suelta,AccZ (g)_sg,2,5,0.1056648587322896
data_P7_tanda_1.csv,LPMSB2-4B3285,Mano de Suelta,AccZ (g)_sg,3,4,0.0700194910012769
data_P7_tanda_1.csv,LPMSB2-4B3285,Mano de Suelta,AccZ (g)_sg,3,5,0.06047027102450464
data_P7_tanda_1.csv,LPMSB2-4B3285,Mano de Suelta,AccZ (g)_sg,4,5,0.0648463462781811
data_P7_tanda_1.csv,LPMSB2-4B3322,Mano de Arco,AccZ (g)_sg,1,2,0.011316031217574843
data_P7_tanda_1.csv,LPMSB2-4B3322,Mano de Arco,AccZ (g)_sg,1,3,0.002360999584198004
data_P7_tanda_1.csv,LPMSB2-4B3322,Mano de Arco,AccZ (g)_sg,1,4,0.03243485093116763
data_P7_tanda_1.csv,LPMSB2-4B3322,Mano de Arco,AccZ (g)_sg,1,5,0.13033801317214969
data_P7_tanda_1.csv,LPMSB2-4B3322,Mano de Arco,AccZ (g)_sg,2,3,0.013677030801773063
data_P7_tanda_1.csv,LPMSB2-4B3322,Mano de Arco,AccZ (g)_sg,2,4,0.04375088214874273
data_P7_tanda_1.csv,LPMSB2-4B3322,Mano de Arco,AccZ (g)_sg,2,5,0.1190219819545747
data_P7_tanda_1.csv,LPMSB2-4B3322,Mano de Arco,AccZ (g)_sg,3,4,0.030073851346969636
data_P7_tanda_1.csv,LPMSB2-4B3322,Mano de Arco,AccZ (g)_sg,3,5,0.13269901275634777
data_P7_tanda_1.csv,LPMSB2-4B3322,Mano de Arco,AccZ (g)_sg,4,5,0.1627728641033175
data_P7_tanda_1.csv,LPMSB2-4B339F,Brazo,AccZ (g)_sg,1,2,0.0686035156249991
data_P7_tanda_1.csv,LPMSB2-4B339F,Brazo,AccZ (g)_sg,1,3,0.1857910156250002
data_P7_tanda_1.csv,LPMSB2-4B339F,Brazo,AccZ (g)_sg,1,4,0.04052734375000002
data_P7_tanda_1.csv,LPMSB2-4B339F,Brazo,AccZ (g)_sg,1,5,0.055664062499999854
data_P7_tanda_1.csv,LPMSB2-4B339F,Brazo,AccZ (g)_sg,2,3,0.2543945312500001
data_P7_tanda_1.csv,LPMSB2-4B339F,Brazo,AccZ (g)_sg,2,4,0.10913085937500003
data_P7_tanda_1.csv,LPMSB2-4B339F,Brazo,AccZ (g)_sg,2,5,0.012939453124999242
data_P7_tanda_1.csv,LPMSB2-4B339F,Brazo,AccZ (g)_sg,3,4,0.14526367187500008
data_P7_tanda_1.csv,LPMSB2-4B339F,Brazo,AccZ (g)_sg,3,5,0.24145507812500022
data_P7_tanda_1.csv,LPMSB2-4B339F,Brazo,AccZ (g)_sg,4,5,0.0961914062500001
data_P7_tanda_2.csv,LPMSB2-4B3285,Mano de Suelta,AccZ (g)_sg,1,2,0.0647307174030124
data_P7_tanda_2.csv,LPMSB2-4B3285,Mano de Suelta,AccZ (g)_sg,1,3,0.0522192286261174
data_P7_tanda_2.csv,LPMSB2-4B3285,Mano de Suelta,AccZ (g)_sg,1,4,0.10650129939719215
data_P7_tanda_2.csv,LPMSB2-4B3285,Mano de Suelta,AccZ (g)_sg,1,5,0.04732820555791138
data_P7_tanda_2.csv,LPMSB2-4B3285,Mano de Suelta,AccZ (g)_sg,2,3,0.0485563500169615
data_P7_tanda_2.csv,LPMSB2-4B3285,Mano de Suelta,AccZ (g)_sg,2,4,0.04437812928471953
data_P7_tanda_2.csv,LPMSB2-4B3285,Mano de Suelta,AccZ (g)_sg,2,5,0.07074892672794396
data_P7_tanda_2.csv,LPMSB2-4B3285,Mano de Suelta,AccZ (g)_sg,3,4,0.0821382361109085
data_P7_tanda_2.csv,LPMSB2-4B3285,Mano de Suelta,AccZ (g)_sg,3,5,0.05606714560033061
data_P7_tanda_2.csv,LPMSB2-4B3285,Mano de Suelta,AccZ (g)_sg,4,5,0.09482218272611587
data_P7_tanda_2.csv,LPMSB2-4B3322,Mano de Arco,AccZ (g)_sg,1,2,0.05144502222537996
data_P7_tanda_2.csv,LPMSB2-4B3322,Mano de Arco,AccZ (g)_sg,1,3,0.0340690463781357
data_P7_tanda_2.csv,LPMSB2-4B3322,Mano de Arco,AccZ (g)_sg,1,4,0.038925752043724136
data_P7_tanda_2.csv,LPMSB2-4B3322,Mano de Arco,AccZ (g)_sg,1,5,0.10848470032215131
data_P7_tanda_2.csv,LPMSB2-4B3322,Mano de Arco,AccZ (g)_sg,2,3,0.017375975847244266
data_P7_tanda_2.csv,LPMSB2-4B3322,Mano de Arco,AccZ (g)_sg,2,4,0.01251927018165588
data_P7_tanda_2.csv,LPMSB2-4B3322,Mano de Arco,AccZ (g)_sg,2,5,0.057039678096771074
data_P7_tanda_2.csv,LPMSB2-4B3322,Mano de Arco,AccZ (g)_sg,3,4,0.004856705665588426
data_P7_tanda_2.csv,LPMSB2-4B3322,Mano de Arco,AccZ (g)_sg,3,5,0.07441565394401546
data_P7_tanda_2.csv,LPMSB2-4B3322,Mano de Arco,AccZ (g)_sg,4,5,0.06955894827842704
data_P7_tanda_2.csv,LPMSB2-4B339F,Brazo,AccZ (g)_sg,1,2,0.15478515624999845
data_P7_tanda_2.csv,LPMSB2-4B339F,Brazo,AccZ (g)_sg,1,3,0.3544921874999994
data_P7_tanda_2.csv,LPMSB2-4B339F,Brazo,AccZ (g)_sg,1,4,0.2958984374999993
data_P7_tanda_2.csv,LPMSB2-4B339F,Brazo,AccZ (g)_sg,1,5,0.41503906249999944
data_P7_tanda_2.csv,LPMSB2-4B339F,Brazo,AccZ (g)_sg,2,3,0.19970703125000022
data_P7_tanda_2.csv,LPMSB2-4B339F,Brazo,AccZ (g)_sg,2,4,0.14111328125000008
data_P7_tanda_2.csv,LPMSB2-4B339F,Brazo,AccZ (g)_sg,2,5,0.2602539062500002
data_P7_tanda_2.csv,LPMSB2-4B339F,Brazo,AccZ (g)_sg,3,4,0.05859375000000006
data_P7_tanda_2.csv,LPMSB2-4B339F,Brazo,AccZ (g)_sg,3,5,0.06054687500000006
data_P7_tanda_2.csv,LPMSB2-4B339F,Brazo,AccZ (g)_sg,4,5,0.11914062500000012
data_P7_tanda_3.csv,LPMSB2-4B3285,Mano de Suelta,AccZ (g)_sg,1,2,0.07432951391369523
data_P7_tanda_3.csv,LPMSB2-4B3285,Mano de Suelta,AccZ (g)_sg,1,3,0.05003230116918661
data_P7_tanda_3.csv,LPMSB2-4B3285,Mano de Suelta,AccZ (g)_sg,1,4,0.04783550255953224
data_P7_tanda_3.csv,LPMSB2-4B3285,Mano de Suelta,AccZ (g)_sg,1,5,0.18817476142297515
data_P7_tanda_3.csv,LPMSB2-4B3285,Mano de Suelta,AccZ (g)_sg,2,3,0.07367050339581312
data_P7_tanda_3.csv,LPMSB2-4B3285,Mano de Suelta,AccZ (g)_sg,2,4,0.08481119650830667
data_P7_tanda_3.csv,LPMSB2-4B3285,Mano de Suelta,AccZ (g)_sg,2,5,0.1423966516661364
data_P7_tanda_3.csv,LPMSB2-4B3285,Mano de Suelta,AccZ (g)_sg,3,4,0.04096215138829047
data_P7_tanda_3.csv,LPMSB2-4B3285,Mano de Suelta,AccZ (g)_sg,3,5,0.1643909779598487
data_P7_tanda_3.csv,LPMSB2-4B3285,Mano de Suelta,AccZ (g)_sg,4,5,0.18794554447383838
data_P7_tanda_3.csv,LPMSB2-4B3322,Mano de Arco,AccZ (g)_sg,1,2,0.04195088148117045
data_P7_tanda_3.csv,LPMSB2-4B3322,Mano de Arco,AccZ (g)_sg,1,3,0.053280413150787
data_P7_tanda_3.csv,LPMSB2-4B3322,Mano de Arco,AccZ (g)_sg,1,4,0.03734859824180605
data_P7_tanda_3.csv,LPMSB2-4B3322,Mano de Arco,AccZ (g)_sg,1,5,0.023581057786941365
data_P7_tanda_3.csv,LPMSB2-4B3322,Mano de Arco,AccZ (g)_sg,2,3,0.011329531669616496
data_P7_tanda_3.csv,LPMSB2-4B3322,Mano de Arco,AccZ (g)_sg,2,4,0.07929947972297673
data_P7_tanda_3.csv,LPMSB2-4B3322,Mano de Arco,AccZ (g)_sg,2,5,0.018369823694229057
data_P7_tanda_3.csv,LPMSB2-4B3322,Mano de Arco,AccZ (g)_sg,3,4,0.09062901139259347
data_P7_tanda_3.csv,LPMSB2-4B3322,Mano de Arco,AccZ (g)_sg,3,5,0.029699355363845537
data_P7_tanda_3.csv,LPMSB2-4B3322,Mano de Arco,AccZ (g)_sg,4,5,0.060929656028747614
data_P7_tanda_3.csv,LPMSB2-4B339F,Brazo,AccZ (g)_sg,1,2,0.14233398437499953
data_P7_tanda_3.csv,LPMSB2-4B339F,Brazo,AccZ (g)_sg,1,3,0.3740234374999999
data_P7_tanda_3.csv,LPMSB2-4B339F,Brazo,AccZ (g)_sg,1,4,0.3581542968749999
data_P7_tanda_3.csv,LPMSB2-4B339F,Brazo,AccZ (g)_sg,1,5,0.34814453125000017
data_P7_tanda_3.csv,LPMSB2-4B339F,Brazo,AccZ (g)_sg,2,3,0.23168945312499983
data_P7_tanda_3.csv,LPMSB2-4B339F,Brazo,AccZ (g)_sg,2,4,0.21582031249999978
data_P7_tanda_3.csv,LPMSB2-4B339F,Brazo,AccZ (g)_sg,2,5,0.20581054687500022
data_P7_tanda_3.csv,LPMSB2-4B339F,Brazo,AccZ (g)_sg,3,4,0.01586914062499997
data_P7_tanda_3.csv,LPMSB2-4B339F,Brazo,AccZ (g)_sg,3,5,0.0258789062499997
data_P7_tanda_3.csv,LPMSB2-4B339F,Brazo,AccZ (g)_sg,4,5,0.010009765624999703
data_P7_tanda_4.csv,LPMSB2-4B3285,Mano de Suelta,AccZ (g)_sg,1,2,0.12027145124037257
data_P7_tanda_4.csv,LPMSB2-4B3285,Mano de Suelta,AccZ (g)_sg,1,3,0.13241174374824033
data_P7_tanda_4.csv,LPMSB2-4B3285,Mano de Suelta,AccZ (g)_sg,1,4,0.09063358907553205
data_P7_tanda_4.csv,LPMSB2-4B3285,Mano de Suelta,AccZ (g)_sg,1,5,0.20845261882778093
data_P7_tanda_4.csv,LPMSB2-4B3285,Mano de Suelta,AccZ (g)_sg,2,3,0.05754375025781514
data_P7_tanda_4.csv,LPMSB2-4B3285,Mano de Suelta,AccZ (g)_sg,2,4,0.09496752598265362
data_P7_tanda_4.csv,LPMSB2-4B3285,Mano de Suelta,AccZ (g)_sg,2,5,0.0921121043654184
data_P7_tanda_4.csv,LPMSB2-4B3285,Mano de Suelta,AccZ (g)_sg,3,4,0.07696105203321034
data_P7_tanda_4.csv,LPMSB2-4B3285,Mano de Suelta,AccZ (g)_sg,3,5,0.07595670520672054
data_P7_tanda_4.csv,LPMSB2-4B3285,Mano de Suelta,AccZ (g)_sg,4,5,0.14579080864181282
data_P7_tanda_4.csv,LPMSB2-4B3322,Mano de Arco,AccZ (g)_sg,1,2,0.2004600614309311
data_P7_tanda_4.csv,LPMSB2-4B3322,Mano de Arco,AccZ (g)_sg,1,3,0.17443855106830616
data_P7_tanda_4.csv,LPMSB2-4B3322,Mano de Arco,AccZ (g)_sg,1,4,0.04194334149360659
data_P7_tanda_4.csv,LPMSB2-4B3322,Mano de Arco,AccZ (g)_sg,1,5,0.08679141104221341
data_P7_tanda_4.csv,LPMSB2-4B3322,Mano de Arco,AccZ (g)_sg,2,3,0.026021510362624876
data_P7_tanda_4.csv,LPMSB2-4B3322,Mano de Arco,AccZ (g)_sg,2,4,0.15851671993732447
data_P7_tanda_4.csv,LPMSB2-4B3322,Mano de Arco,AccZ (g)_sg,2,5,0.11366865038871772
data_P7_tanda_4.csv,LPMSB2-4B3322,Mano de Arco,AccZ (g)_sg,3,4,0.13249520957469937
data_P7_tanda_4.csv,LPMSB2-4B3322,Mano de Arco,AccZ (g)_sg,3,5,0.08764714002609257
data_P7_tanda_4.csv,LPMSB2-4B3322,Mano de Arco,AccZ (g)_sg,4,5,0.04484806954860677
data_P7_tanda_4.csv,LPMSB2-4B339F,Brazo,AccZ (g)_sg,1,2,0.1342773437500001
data_P7_tanda_4.csv,LPMSB2-4B339F,Brazo,AccZ (g)_sg,1,3,0.037841796875000056
data_P7_tanda_4.csv,LPMSB2-4B339F,Brazo,AccZ (g)_sg,1,4,0.0166015624999999
data_P7_tanda_4.csv,LPMSB2-4B339F,Brazo,AccZ (g)_sg,1,5,0.11621093749999958
data_P7_tanda_4.csv,LPMSB2-4B339F,Brazo,AccZ (g)_sg,2,3,0.17211914062500028
data_P7_tanda_4.csv,LPMSB2-4B339F,Brazo,AccZ (g)_sg,2,4,0.15087890625000008
data_P7_tanda_4.csv,LPMSB2-4B339F,Brazo,AccZ (g)_sg,2,5,0.2504882812500003
data_P7_tanda_4.csv,LPMSB2-4B339F,Brazo,AccZ (g)_sg,3,4,0.02124023437499988
data_P7_tanda_4.csv,LPMSB2-4B339F,Brazo,AccZ (g)_sg,3,5,0.07836914062499976
data_P7_tanda_4.csv,LPMSB2-4B339F,Brazo,AccZ (g)_sg,4,5,0.09960937499999965
